CD_REFNIS,CD_SECT,MS_PROP
11001,P,0.0046318479
11001,S,0.18207954
11001,T,0.51445456
11001,Z,0.2988340521
11002,P,0.0043694873
11002,S,0.1431576322
11002,T,0.5382980684
11002,Z,0.314174812
11004,P,0.0185714286
11004,S,0.1657142857
11004,T,0.475
11004,Z,0.3407142857
11005,P,0.0021554821
11005,S,0.2047708004
11005,T,0.4961919816
11005,Z,0.2968817359
11007,P,0.0036796537
11007,S,0.1796536797
11007,T,0.511038961
11007,Z,0.3056277056
11008,P,0.0012827091
11008,S,0.1561698307
11008,T,0.4989738327
11008,Z,0.3435736275
11009,P,0.0202105587
11009,S,0.2267732268
11009,T,0.4552370706
11009,Z,0.2977791439
11013,P,0.0010251737
11013,S,0.1405627065
11013,T,0.5187378973
11013,Z,0.3396742226
11016,P,0.0181065701
11016,S,0.210812209
11016,T,0.3735126746
11016,Z,0.3975685463
11018,P,0.0011010791
11018,S,0.2158114953
11018,T,0.4864567276
11018,Z,0.2966306981
11021,P,0.0041067762
11021,S,0.1519507187
11021,T,0.4799061308
11021,Z,0.3640363743
11022,P,0.0191805846
11022,S,0.2073329854
11022,T,0.4153183716
11022,Z,0.3581680585
11023,P,0.0021780561
11023,S,0.180506398
11023,T,0.5024049369
11023,Z,0.3149106089
11024,P,0.0086832271
11024,S,0.1747636843
11024,T,0.5152780831
11024,Z,0.3012750055
11025,P,0.0037603409
11025,S,0.1789922286
11025,T,0.4873401855
11025,Z,0.3299072449
11029,P,0.0012480799
11029,S,0.1364247312
11029,T,0.4981758833
11029,Z,0.3641513057
11030,P,0.0009636232
11030,S,0.2387376536
11030,T,0.4603709949
11030,Z,0.2999277283
11035,P,0.0149324484
11035,S,0.2160464565
11035,T,0.4511732638
11035,Z,0.3178478312
11037,P,0.0117967332
11037,S,0.211584997
11037,T,0.4721718088
11037,Z,0.304446461
11038,P,0.0041689828
11038,S,0.2354085603
11038,T,0.4549749861
11038,Z,0.3054474708
11039,P,0.0025706941
11039,S,0.1562982005
11039,T,0.5482005141
11039,Z,0.2929305913
11040,P,0.0017515589
11040,S,0.1670286555
11040,T,0.525817978
11040,Z,0.3054018076
11044,P,0.0048003747
11044,S,0.2105139913
11044,T,0.4945556726
11044,Z,0.2901299614
11050,P,0.0007420233
11050,S,0.1845164482
11050,T,0.4996289884
11050,Z,0.3151125402
11052,P,0.0044507744
11052,S,0.2061598718
11052,T,0.4842442585
11052,Z,0.3051450952
11053,P,0.0510405257
11053,S,0.2513691128
11053,T,0.3948521358
11053,Z,0.3027382256
11054,P,0.0114882507
11054,S,0.2367275892
11054,T,0.4372497824
11054,Z,0.3145343777
11055,P,0.0062305296
11055,S,0.2074336663
11055,T,0.4520356644
11055,Z,0.3343001396
11056,P,0.0035536603
11056,S,0.1891731817
11056,T,0.4976308932
11056,Z,0.3096422649
11057,P,0.0157303371
11057,S,0.2621722846
11057,T,0.4001498127
11057,Z,0.3219475655
12002,P,0.0176555122
12002,S,0.2463559844
12002,T,0.4177786902
12002,Z,0.3182098132
12005,P,0.0055892686
12005,S,0.1563398275
12005,T,0.4793995529
12005,Z,0.358671351
12007,P,0.0062594431
12007,S,0.2468163177
12007,T,0.4541333909
12007,Z,0.2927908483
12009,P,0.0213918224
12009,S,0.1911724885
12009,T,0.4355537503
12009,Z,0.3518819388
12014,P,0.0118843624
12014,S,0.2743353048
12014,T,0.4258471063
12014,Z,0.2879332265
12021,P,0.0154085288
12021,S,0.1954450226
12021,T,0.4559032236
12021,Z,0.333243225
12025,P,0.007386808
12025,S,0.138871991
12025,T,0.5226094261
12025,Z,0.3311317749
12026,P,0.0069536762
12026,S,0.2569792412
12026,T,0.4276510891
12026,Z,0.3084159935
12029,P,0.0239354668
12029,S,0.2382967469
12029,T,0.4398307326
12029,Z,0.2979370537
12035,P,0.0312776304
12035,S,0.1826923077
12035,T,0.4721485411
12035,Z,0.3138815208
12040,P,0.0047462224
12040,S,0.2257845796
12040,T,0.4903138318
12040,Z,0.2791553661
12041,P,0.0111682326
12041,S,0.2521716008
12041,T,0.4335224251
12041,Z,0.3031377415
13001,P,0.0169610072
13001,S,0.2902605351
13001,T,0.312816926
13001,Z,0.3799615317
13002,P,0.0467032967
13002,S,0.152014652
13002,T,0.2399267399
13002,Z,0.5613553114
13003,P,0.0098978954
13003,S,0.317670348
13003,T,0.3657011877
13003,Z,0.3067305689
13004,P,0.012716175
13004,S,0.3392675483
13004,T,0.3640640895
13004,Z,0.2839521872
13006,P,0.0221088435
13006,S,0.3163265306
13006,T,0.3654033042
13006,Z,0.2961613217
13008,P,0.01461971
13008,S,0.2710861202
13008,T,0.3925421722
13008,Z,0.3217519976
13010,P,0.0082114961
13010,S,0.284197877
13010,T,0.4257961146
13010,Z,0.2817945123
13011,P,0.0097696003
13011,S,0.2768867541
13011,T,0.4016933974
13011,Z,0.3116502483
13012,P,0.0212765957
13012,S,0.3178973717
13012,T,0.3899874844
13012,Z,0.2708385482
13013,P,0.0167847244
13013,S,0.2984293194
13013,T,0.3869725901
13013,Z,0.2978133662
13014,P,0.0748181127
13014,S,0.2173960256
13014,T,0.3417309154
13014,Z,0.3660549462
13016,P,0.007773699
13016,S,0.3029583243
13016,T,0.4018570503
13016,Z,0.2874109264
13017,P,0.0197392033
13017,S,0.3018303625
13017,T,0.3643976552
13017,Z,0.314032779
13019,P,0.0132731959
13019,S,0.3274484536
13019,T,0.3532216495
13019,Z,0.306056701
13021,P,0.0139576767
13021,S,0.3050427735
13021,T,0.380009005
13021,Z,0.3009905448
13023,P,0.0655614167
13023,S,0.2687766893
13023,T,0.3031901532
13023,Z,0.3624717408
13025,P,0.0087631946
13025,S,0.2476266348
13025,T,0.3926840603
13025,Z,0.3509261103
13029,P,0.0080189539
13029,S,0.3429925278
13029,T,0.3716056133
13029,Z,0.277382905
13031,P,0.0154392192
13031,S,0.2681455191
13031,T,0.3432120674
13031,Z,0.3732031943
13035,P,0.0482915718
13035,S,0.2440394837
13035,T,0.3023538345
13035,Z,0.4053151101
13036,P,0.0263211176
13036,S,0.3033002632
13036,T,0.3458189917
13036,Z,0.3245596275
13037,P,0.0400852053
13037,S,0.3125484121
13037,T,0.3706429125
13037,Z,0.2767234702
13040,P,0.0115377992
13040,S,0.264336146
13040,T,0.3731703117
13040,Z,0.3509557431
13044,P,0.0158501441
13044,S,0.3037463977
13044,T,0.3674351585
13044,Z,0.3129682997
13046,P,0.0064907873
13046,S,0.3308207705
13046,T,0.3262144054
13046,Z,0.3364740369
13049,P,0.0141419636
13049,S,0.3247212401
13049,T,0.372948962
13049,Z,0.2881878343
13053,P,0.0100909608
13053,S,0.3391131325
13053,T,0.3818931211
13053,Z,0.2689027857
21001,P,0.0018664455
21001,S,0.1227706346
21001,T,0.5553712153
21001,Z,0.3199917047
21002,P,0.0012201499
21002,S,0.078263901
21002,T,0.5209168555
21002,Z,0.3995990936
21003,P,0.0007262164
21003,S,0.1031227306
21003,T,0.5337690632
21003,Z,0.3623819898
21004,P,0.0014670115
21004,S,0.0850480639
21004,T,0.5515963402
21004,Z,0.3618885843
21005,P,0.0011430634
21005,S,0.0752015401
21005,T,0.5157622428
21005,Z,0.4078931537
21006,P,0.0014347202
21006,S,0.0912313275
21006,T,0.5743100684
21006,Z,0.3330238839
21007,P,0.0011082788
21007,S,0.1040119694
21007,T,0.5357974066
21007,Z,0.3590823451
21008,P,0.0008622814
21008,S,0.0973146095
21008,T,0.5357230845
21008,Z,0.3661000246
21009,P,0.0012280935
21009,S,0.0662838555
21009,T,0.5462028678
21009,Z,0.3862851832
21010,P,0.0011594203
21010,S,0.0933913043
21010,T,0.5209275362
21010,Z,0.3845217391
21011,P,0.0007422803
21011,S,0.101692399
21011,T,0.5745249406
21011,Z,0.32304038
21012,P,0.0018832392
21012,S,0.1111912489
21012,T,0.5608045839
21012,Z,0.326120928
21013,P,0.0011795235
21013,S,0.0968978533
21013,T,0.5320240623
21013,Z,0.369898561
21014,P,0.001411161
21014,S,0.1033996151
21014,T,0.5847338037
21014,Z,0.3104554201
21015,P,0.0014679828
21015,S,0.1024044546
21015,T,0.5714502658
21015,Z,0.3246772969
21016,P,0.0011507894
21016,S,0.0820656669
21016,T,0.549717697
21016,Z,0.3670658467
21017,P,0.0015126833
21017,S,0.0644635792
21017,T,0.4838259251
21017,Z,0.4501978124
21018,P,0.0006732873
21018,S,0.063569545
21018,T,0.5289794086
21018,Z,0.4067777591
21019,P,0.0017839138
21019,S,0.0694175134
21019,T,0.5275731017
21019,Z,0.4012254712
23002,P,0.0058374495
23002,S,0.1165244724
23002,T,0.5455021703
23002,Z,0.3321359078
23003,P,0.0045759907
23003,S,0.1143024048
23003,T,0.5416220426
23003,Z,0.3394995619
23009,P,0.0365111562
23009,S,0.1348884381
23009,T,0.5
23009,Z,0.3286004057
23016,P,0.0033545402
23016,S,0.1090803933
23016,T,0.5418739156
23016,Z,0.345691151
23023,P,0.0144113337
23023,S,0.1455788959
23023,T,0.4782608696
23023,Z,0.3617489008
23024,P,0.0248375116
23024,S,0.1385793872
23024,T,0.4814298979
23024,Z,0.3551532033
23025,P,0.0038022814
23025,S,0.1141339976
23025,T,0.5777500983
23025,Z,0.3043136227
23027,P,0.003483887
23027,S,0.1333831031
23027,T,0.5334079881
23027,Z,0.3297250218
23032,P,0.0333555704
23032,S,0.1370913943
23032,T,0.4926617745
23032,Z,0.3368912608
23033,P,0.004108651
23033,S,0.1088792513
23033,T,0.5539831089
23033,Z,0.3330289888
23038,P,0.0190227527
23038,S,0.1240208877
23038,T,0.546997389
23038,Z,0.3099589705
23039,P,0.0104626831
23039,S,0.199255987
23039,T,0.5047663334
23039,Z,0.2855149965
23044,P,0.003944066
23044,S,0.1482610255
23044,T,0.4723915382
23044,Z,0.3754033704
23045,P,0.0182786588
23045,S,0.1872654642
23045,T,0.506718315
23045,Z,0.287737562
23047,P,0.0012195122
23047,S,0.1113240418
23047,T,0.5952961672
23047,Z,0.2921602787
23050,P,0.009110021
23050,S,0.1194814296
23050,T,0.5592151367
23050,Z,0.3121934128
23052,P,0.0176857691
23052,S,0.1277762545
23052,T,0.5227584316
23052,Z,0.3317795448
23060,P,0.010301353
23060,S,0.1442189422
23060,T,0.4941574416
23060,Z,0.3513222632
23062,P,0.0081119448
23062,S,0.1055566822
23062,T,0.5583046035
23062,Z,0.3280267694
23064,P,0.0468972051
23064,S,0.1463761251
23064,T,0.5030791094
23064,Z,0.3036475604
23077,P,0.0065663273
23077,S,0.1414342629
23077,T,0.5307658256
23077,Z,0.3212335842
23081,P,0.0100671141
23081,S,0.1180089485
23081,T,0.5745712155
23081,Z,0.2973527218
23086,P,0.0042826552
23086,S,0.1340471092
23086,T,0.510206995
23086,Z,0.3514632405
23088,P,0.0013552531
23088,S,0.1114842967
23088,T,0.5839962289
23088,Z,0.3031642213
23094,P,0.0018758793
23094,S,0.0859778021
23094,T,0.5973894013
23094,Z,0.3147569173
23096,P,0.0058217217
23096,S,0.1403893873
23096,T,0.5406566139
23096,Z,0.3131322772
23097,P,0.0094759234
23097,S,0.1568362019
23097,T,0.4935215626
23097,Z,0.3401663121
23098,S,0.1259960159
23098,T,0.5403386454
23098,Z,0.3336653386
23099,P,0.0012972973
23099,S,0.0761081081
23099,T,0.5357837838
23099,Z,0.3868108108
23100,P,0.0015568241
23100,S,0.0778412039
23100,T,0.5277633627
23100,Z,0.3928386092
23101,P,0.0026136199
23101,S,0.0971395383
23101,T,0.5808044141
23101,Z,0.3194424278
23102,P,0.0020863425
23102,S,0.089231263
23102,T,0.5759910127
23102,Z,0.3326913818
23103,P,0.0018352365
23103,S,0.0780995106
23103,T,0.535685155
23103,Z,0.3843800979
23104,P,0.0167232186
23104,S,0.12190984
23104,T,0.5063015027
23104,Z,0.3550654387
23105,P,0.0041522491
23105,S,0.1508650519
23105,T,0.4932525952
23105,Z,0.3517301038
24001,P,0.0079322295
24001,S,0.1859838275
24001,T,0.4298806315
24001,Z,0.3762033115
24007,P,0.0047444468
24007,S,0.2292430451
24007,T,0.4248436489
24007,Z,0.3411688592
24008,P,0.0376749193
24008,S,0.2145676355
24008,T,0.4065303193
24008,Z,0.3412271259
24009,P,0.0091659028
24009,S,0.1065536205
24009,T,0.4945004583
24009,Z,0.3897800183
24011,P,0.0111612444
24011,S,0.1004511992
24011,T,0.469484683
24011,Z,0.4189028734
24014,P,0.0052414826
24014,S,0.1555597155
24014,T,0.5353800075
24014,Z,0.3038187945
24016,P,0.0201212789
24016,S,0.1237596472
24016,T,0.4581036384
24016,Z,0.3980154355
24020,P,0.0088276136
24020,S,0.1933148185
24020,T,0.4284864114
24020,Z,0.3693711565
24028,P,0.0481794777
24028,S,0.241265171
24028,T,0.3997793306
24028,Z,0.3107760206
24033,P,0.0078268877
24033,S,0.1594536525
24033,T,0.4837323511
24033,Z,0.3489871087
24038,P,0.0052971713
24038,S,0.107638521
24038,T,0.4867041
24038,Z,0.4003602076
24041,P,0.0239714934
24041,S,0.1383219955
24041,T,0.4340783933
24041,Z,0.4036281179
24043,P,0.0184601531
24043,S,0.1456551103
24043,T,0.4360648357
24043,Z,0.3998199009
24045,P,0.0107526882
24045,S,0.1220196353
24045,T,0.53085554
24045,Z,0.3363721365
24048,P,0.0044826968
24048,S,0.1581495428
24048,T,0.5302133764
24048,Z,0.3071543841
24054,P,0.0464404894
24054,S,0.2152391546
24054,T,0.3895995551
24054,Z,0.3487208009
24055,P,0.0073641146
24055,S,0.1091759205
24055,T,0.5599064874
24055,Z,0.3235534775
24059,P,0.0139332366
24059,S,0.1374455733
24059,T,0.4521044993
24059,Z,0.3965166909
24062,P,0.0020421576
24062,S,0.0812168443
24062,T,0.4717853622
24062,Z,0.4449556359
24066,P,0.0111958462
24066,S,0.1200713938
24066,T,0.4552977446
24066,Z,0.4134350154
24086,P,0.0030096308
24086,S,0.0977126806
24086,T,0.4837479936
24086,Z,0.415529695
24094,P,0.0076891391
24094,S,0.1503501304
24094,T,0.4485788823
24094,Z,0.3933818481
24104,P,0.0067130781
24104,S,0.0839134759
24104,T,0.5551964197
24104,Z,0.3541770264
24107,P,0.0153813135
24107,S,0.1518099871
24107,T,0.4411933038
24107,Z,0.3916153956
24109,P,0.0053086607
24109,S,0.204307599
24109,T,0.4758076748
24109,Z,0.3145760655
24130,P,0.0331373597
24130,S,0.1993586317
24130,T,0.4136825227
24130,Z,0.3538214858
24133,P,0.0306990881
24133,S,0.1914893617
24133,T,0.4118541033
24133,Z,0.3659574468
24134,P,0.0063342047
24134,S,0.2245123668
24134,T,0.4312286346
24134,Z,0.3379247939
24135,P,0.0162324649
24135,S,0.1691382766
24135,T,0.4398797595
24135,Z,0.374749499
24137,P,0.0299473897
24137,S,0.1756373938
24137,T,0.3909348442
24137,Z,0.4034803723
25005,P,0.0209530247
25005,S,0.1307874282
25005,T,0.4920581277
25005,Z,0.3562014194
25014,P,0.0048630348
25014,S,0.1179439828
25014,T,0.5080947984
25014,Z,0.3690981841
25015,P,0.0067194624
25015,S,0.1768658507
25015,T,0.4845212383
25015,Z,0.3318934485
25018,P,0.013732834
25018,S,0.1321265085
25018,T,0.5187265918
25018,Z,0.3354140658
25023,P,0.0042422814
25023,S,0.1491868961
25023,T,0.4360122555
25023,Z,0.4105585671
25031,P,0.0205631129
25031,S,0.1600759253
25031,T,0.4788041759
25031,Z,0.3405567858
25037,P,0.0117025293
25037,S,0.1436391091
25037,T,0.5118912797
25037,Z,0.3327670819
25043,P,0.0197183099
25043,S,0.1577464789
25043,T,0.4600938967
25043,Z,0.3624413146
25044,P,0.0145348837
25044,S,0.1762354651
25044,T,0.4393168605
25044,Z,0.3699127907
25048,P,0.0201781494
25048,S,0.118887475
25048,T,0.474095619
25048,Z,0.3868387566
25050,P,0.0046296296
25050,S,0.1007834758
25050,T,0.5434472934
25050,Z,0.3511396011
25068,P,0.0094833224
25068,S,0.1396337475
25068,T,0.4480052322
25068,Z,0.4028776978
25072,P,0.0088216176
25072,S,0.1237812239
25072,T,0.4617884669
25072,Z,0.4056086916
25084,P,0.0244382022
25084,S,0.1581460674
25084,T,0.4640449438
25084,Z,0.3533707865
25091,P,0.0024916944
25091,S,0.1231608923
25091,T,0.5183910774
25091,Z,0.355956336
25105,P,0.0048371493
25105,S,0.1776846179
25105,T,0.4750080619
25105,Z,0.3424701709
25107,P,0.0162150155
25107,S,0.16814749
25107,T,0.4264771213
25107,Z,0.3891603732
25110,P,0.0015319801
25110,S,0.1013979318
25110,T,0.5686518575
25110,Z,0.3284182306
25112,P,0.003257329
25112,S,0.1437769866
25112,T,0.5081433225
25112,Z,0.3448223619
25117,P,0.0191275168
25117,S,0.1553691275
25117,T,0.4261744966
25117,Z,0.3993288591
25118,P,0.022945966
25118,S,0.126572909
25118,T,0.4167283494
25118,Z,0.4337527757
25119,P,0.0102135562
25119,S,0.1151346332
25119,T,0.6066852368
25119,Z,0.2679665738
25120,P,0.0199831129
25120,S,0.1286236983
25120,T,0.4407542921
25120,Z,0.4106388967
25121,P,0.0034448819
25121,S,0.1053969816
25121,T,0.4455380577
25121,Z,0.4456200787
25122,P,0.0262042389
25122,S,0.1549132948
25122,T,0.4416184971
25122,Z,0.3772639692
25123,P,0.0223678265
25123,S,0.1701310438
25123,T,0.4679168549
25123,Z,0.3395842747
25124,P,0.02670829
25124,S,0.1644120708
25124,T,0.4394727714
25124,Z,0.3694068678
31003,P,0.0344485398
31003,S,0.2486532464
31003,T,0.3612134959
31003,Z,0.3556847179
31004,P,0.0047117517
31004,S,0.1294345898
31004,T,0.5411585366
31004,Z,0.324695122
31005,P,0.0047479484
31005,S,0.1496092224
31005,T,0.4278038296
31005,Z,0.4178389996
31006,P,0.0446446446
31006,S,0.2048048048
31006,T,0.427027027
31006,Z,0.3235235235
31012,P,0.0312649545
31012,S,0.2105598979
31012,T,0.3928856277
31012,Z,0.3652895199
31022,P,0.0242624224
31022,S,0.2350543478
31022,T,0.3958656832
31022,Z,0.3448175466
31033,P,0.0199371546
31033,S,0.2471557048
31033,T,0.3589771373
31033,Z,0.3739300033
31040,P,0.0227493681
31040,S,0.2608399767
31040,T,0.3648648649
31040,Z,0.3515457904
31042,P,0.0696812454
31042,S,0.1727205337
31042,T,0.4388435878
31042,Z,0.3187546331
31043,P,0.0114637109
31043,S,0.1368053447
31043,T,0.5848770118
31043,Z,0.2668539326
32003,P,0.0680763984
32003,S,0.224420191
32003,T,0.3776261937
32003,Z,0.3298772169
32006,P,0.0622576967
32006,S,0.3060433295
32006,T,0.3352337514
32006,Z,0.2964652223
32010,P,0.0555698482
32010,S,0.2832518652
32010,T,0.3591458709
32010,Z,0.3020324157
32011,P,0.0531165312
32011,S,0.3091237579
32011,T,0.3430894309
32011,Z,0.29467028
32030,P,0.1617842876
32030,S,0.2390146471
32030,T,0.3335552597
32030,Z,0.2656458056
33011,P,0.031208675
33011,S,0.259785771
33011,T,0.3634620471
33011,Z,0.345543507
33016,P,0.0264550265
33016,S,0.2804232804
33016,T,0.3439153439
33016,Z,0.3492063492
33021,P,0.0597949886
33021,S,0.2649202733
33021,T,0.3353075171
33021,Z,0.339977221
33029,P,0.0271780544
33029,S,0.2858775718
33029,T,0.3528067056
33029,Z,0.3341376683
33037,P,0.0607501321
33037,S,0.2993484768
33037,T,0.372072548
33037,Z,0.2678288431
33039,P,0.1105527638
33039,S,0.2423227247
33039,T,0.3341708543
33039,Z,0.3129536572
33040,P,0.0806988353
33040,S,0.3294509151
33040,T,0.3133666112
33040,Z,0.2764836384
33041,P,0.1072727273
33041,S,0.276969697
33041,T,0.3212121212
33041,Z,0.2945454545
34002,P,0.0208900999
34002,S,0.3442325159
34002,T,0.3651226158
34002,Z,0.2697547684
34003,P,0.0134821013
34003,S,0.3324035332
34003,T,0.3777312878
34003,Z,0.2763830776
34009,P,0.0157526254
34009,S,0.3343057176
34009,T,0.3695060288
34009,Z,0.2804356282
34013,P,0.0099805258
34013,S,0.3218922428
34013,T,0.3849399546
34013,Z,0.2831872769
34022,P,0.0071811566
34022,S,0.2345206179
34022,T,0.4235924933
34022,Z,0.3347057322
34023,P,0.0052020114
34023,S,0.3011964626
34023,T,0.3932720652
34023,Z,0.3003294607
34025,P,0.0296527507
34025,S,0.3269605931
34025,T,0.3690987124
34025,Z,0.2742879438
34027,P,0.008477673
34027,S,0.2720894541
34027,T,0.383541621
34027,Z,0.3358912519
34040,P,0.0081716037
34040,S,0.3165895572
34040,T,0.4032325903
34040,Z,0.2720062489
34041,P,0.0112107623
34041,S,0.289728139
34041,T,0.3727578475
34041,Z,0.3263032511
34042,P,0.0177096715
34042,S,0.3185905671
34042,T,0.3674986236
34042,Z,0.2962011378
34043,P,0.0278670954
34043,S,0.2593783494
34043,T,0.4169346195
34043,Z,0.2958199357
35002,P,0.0033674758
35002,S,0.157850428
35002,T,0.4224779009
35002,Z,0.4163041953
35005,P,0.0202909648
35005,S,0.2321975498
35005,T,0.373085758
35005,Z,0.3744257274
35006,P,0.0329755794
35006,S,0.2871364131
35006,T,0.3697309068
35006,Z,0.3101571006
35011,P,0.0255710386
35011,S,0.154288177
35011,T,0.4545323948
35011,Z,0.3656083896
35013,P,0.0033801045
35013,S,0.138191251
35013,T,0.4607161105
35013,Z,0.3977125339
35014,P,0.0245718541
35014,S,0.2519235542
35014,T,0.3852072475
35014,Z,0.3382973443
35029,P,0.0179826375
35029,S,0.1308391897
35029,T,0.488631666
35029,Z,0.3625465068
36006,P,0.0601471225
36006,S,0.2700129814
36006,T,0.3234530506
36006,Z,0.3463868455
36007,P,0.0297297297
36007,S,0.3542619543
36007,T,0.346985447
36007,Z,0.269022869
36008,P,0.0108865979
36008,S,0.3252783505
36008,T,0.3673402062
36008,Z,0.2964948454
36010,P,0.0317203056
36010,S,0.3176661264
36010,T,0.3736976152
36010,Z,0.2769159528
36011,P,0.0461109704
36011,S,0.2819863187
36011,T,0.3569799848
36011,Z,0.3149227261
36012,P,0.0396430054
36012,S,0.299916978
36012,T,0.3731838937
36012,Z,0.2872561229
36015,P,0.0118017004
36015,S,0.2630148686
36015,T,0.3837493692
36015,Z,0.3414340619
36019,P,0.0918509663
36019,S,0.3181908747
36019,T,0.3189878462
36019,Z,0.2709703128
37002,P,0.0385311611
37002,S,0.3478148435
37002,T,0.3840186191
37002,Z,0.2296353763
37007,P,0.0518720749
37007,S,0.3666146646
37007,T,0.3395085803
37007,Z,0.2420046802
37010,P,0.0254114929
37010,S,0.3759745885
37010,T,0.371643084
37010,Z,0.2269708345
37011,P,0.0840415486
37011,S,0.3204280768
37011,T,0.3556814605
37011,Z,0.2398489141
37012,P,0.0693877551
37012,S,0.3024489796
37012,T,0.3457142857
37012,Z,0.2824489796
37015,P,0.0525725815
37015,S,0.2944737137
37015,T,0.3573590405
37015,Z,0.2955946643
37017,P,0.017387218
37017,S,0.3688909774
37017,T,0.3851033835
37017,Z,0.2286184211
37018,P,0.0628063725
37018,S,0.3010110294
37018,T,0.3572303922
37018,Z,0.2789522059
37020,P,0.0576829859
37020,S,0.3291323316
37020,T,0.3589432865
37020,Z,0.254241396
38002,P,0.1335113485
38002,S,0.2260792167
38002,T,0.3449043169
38002,Z,0.2955051179
38008,P,0.0088726514
38008,S,0.1456158664
38008,T,0.5213987474
38008,Z,0.3241127349
38014,P,0.0089719626
38014,S,0.1368224299
38014,T,0.4872274143
38014,Z,0.3669781931
38016,P,0.0191774492
38016,S,0.1545748614
38016,T,0.4856746765
38016,Z,0.3405730129
38025,P,0.056374502
38025,S,0.1812749004
38025,T,0.3683266932
38025,Z,0.3940239044
41002,P,0.00466233
41002,S,0.178173595
41002,T,0.4557078645
41002,Z,0.3614562104
41011,P,0.0019641826
41011,S,0.1712305026
41011,T,0.4530329289
41011,Z,0.3737723859
41018,P,0.0080537853
41018,S,0.1726311366
41018,T,0.4545136214
41018,Z,0.3648014567
41024,P,0.0069171139
41024,S,0.2021466905
41024,T,0.4461538462
41024,Z,0.3447823494
41027,P,0.0121696374
41027,S,0.2045482483
41027,T,0.4163491088
41027,Z,0.3669330055
41034,P,0.0110864745
41034,S,0.2079329884
41034,T,0.4201773836
41034,Z,0.3608031535
41048,P,0.0080606352
41048,S,0.1786573628
41048,T,0.489653513
41048,Z,0.3236284889
41063,P,0.0232053784
41063,S,0.2439817827
41063,T,0.4137931034
41063,Z,0.3190197354
41081,P,0.0086843248
41081,S,0.1811550152
41081,T,0.408771168
41081,Z,0.401389492
41082,P,0.01003861
41082,S,0.2004412576
41082,T,0.4295642581
41082,Z,0.3599558742
42003,P,0.0142053862
42003,S,0.292690145
42003,T,0.3893163658
42003,Z,0.303788103
42004,P,0.0112066319
42004,S,0.2093951489
42004,T,0.4488793368
42004,Z,0.3305188824
42006,P,0.006789037
42006,S,0.2271058587
42006,T,0.4088006035
42006,Z,0.3573045009
42008,P,0.0121928166
42008,S,0.2860113422
42008,T,0.3913988658
42008,Z,0.3103969754
42010,P,0.0243355195
42010,S,0.2525025889
42010,T,0.4007594063
42010,Z,0.3224024853
42011,P,0.0138342278
42011,S,0.2175313059
42011,T,0.431842576
42011,Z,0.3367918903
42023,P,0.0128562246
42023,S,0.2215556032
42023,T,0.4536104564
42023,Z,0.3119777159
42025,P,0.0196042338
42025,S,0.2432581684
42025,T,0.4012885412
42025,Z,0.3358490566
42026,P,0.0184835911
42026,S,0.2546208978
42026,T,0.3923047906
42026,Z,0.3345907205
42028,P,0.0135857461
42028,S,0.3397550111
42028,T,0.3583518931
42028,Z,0.2883073497
43002,P,0.0479285134
43002,S,0.3047928513
43002,T,0.3301380991
43002,Z,0.3171405361
43005,P,0.0133016627
43005,S,0.290023753
43005,T,0.343824228
43005,Z,0.3528503563
43007,P,0.0581955923
43007,S,0.2964876033
43007,T,0.330922865
43007,Z,0.3143939394
43010,P,0.0332658374
43010,S,0.2885931926
43010,T,0.3641886028
43010,Z,0.3139523672
43014,P,0.0745614035
43014,S,0.2695681511
43014,T,0.3248987854
43014,Z,0.3309716599
43018,P,0.0075486691
43018,S,0.3557806913
43018,T,0.3675009932
43018,Z,0.2691696464
44012,P,0.009283247
44012,S,0.1439982729
44012,T,0.4453799655
44012,Z,0.4013385147
44013,P,0.0125634518
44013,S,0.1974619289
44013,T,0.4215736041
44013,Z,0.3684010152
44019,P,0.023561246
44019,S,0.2909846885
44019,T,0.3682682154
44019,Z,0.3171858501
44020,P,0.0129172958
44020,S,0.2424089918
44020,T,0.3959067271
44020,Z,0.3487669854
44021,P,0.0065444522
44021,S,0.1639582851
44021,T,0.4371771147
44021,Z,0.392320148
44034,P,0.0541944336
44034,S,0.235495884
44034,T,0.4035672285
44034,Z,0.3067424539
44040,P,0.0079591837
44040,S,0.1789795918
44040,T,0.4095918367
44040,Z,0.4034693878
44043,P,0.011369939
44043,S,0.1829358477
44043,T,0.4177297097
44043,Z,0.3879645036
44045,P,0.0376584638
44045,S,0.2774049217
44045,T,0.3780760626
44045,Z,0.3068605518
44048,P,0.0225276823
44048,S,0.2119129439
44048,T,0.4339442535
44048,Z,0.3316151203
44052,P,0.0217426059
44052,S,0.1897681855
44052,T,0.3878497202
44052,Z,0.4006394884
44064,P,0.006993007
44064,S,0.1406993007
44064,T,0.5317482517
44064,Z,0.3205594406
44073,P,0.0303236797
44073,S,0.3110732538
44073,T,0.3492333901
44073,Z,0.3093696763
44081,P,0.0143904426
44081,S,0.3127884876
44081,T,0.4037469454
44081,Z,0.2690741244
44083,P,0.0248906478
44083,S,0.2266194543
44083,T,0.4161632993
44083,Z,0.3323265986
44084,P,0.0331003763
44084,S,0.2750940788
44084,T,0.3857614623
44084,Z,0.3060440826
44085,P,0.026430947
44085,S,0.2592333275
44085,T,0.3634692806
44085,Z,0.350866445
45035,P,0.0106642968
45035,S,0.2523883581
45035,T,0.3842849737
45035,Z,0.3526623713
45041,P,0.0050521337
45041,S,0.2802321832
45041,T,0.3912716328
45041,Z,0.3234440503
45059,P,0.0188297541
45059,S,0.242141301
45059,T,0.3820417056
45059,Z,0.3569872393
45060,P,0.0198426274
45060,S,0.3061922682
45060,T,0.3633253507
45060,Z,0.3106397537
45061,P,0.0306088126
45061,S,0.2892700975
45061,T,0.3999327279
45061,Z,0.2801883619
45062,P,0.0381165919
45062,S,0.2343049327
45062,T,0.3688340807
45062,Z,0.3587443946
45063,P,0.0167897918
45063,S,0.2115513768
45063,T,0.4032907992
45063,Z,0.3683680322
45064,P,0.0381385584
45064,S,0.2827151854
45064,T,0.344296711
45064,Z,0.3348495451
45065,P,0.0172003175
45065,S,0.2370997618
45065,T,0.3807885684
45065,Z,0.3649113522
45068,P,0.0281806879
45068,S,0.2769719575
45068,T,0.3932863655
45068,Z,0.3015609891
46003,P,0.0196361536
46003,S,0.244970642
46003,T,0.4592357301
46003,Z,0.2761574743
46013,P,0.0165454286
46013,S,0.2501782913
46013,T,0.459278277
46013,Z,0.2739980031
46014,P,0.0161863173
46014,S,0.2773216885
46014,T,0.3783988355
46014,Z,0.3280931587
46020,P,0.0250479386
46020,S,0.2611457335
46020,T,0.42042186
46020,Z,0.2933844679
46021,P,0.0086384343
46021,S,0.2150497722
46021,T,0.4409313312
46021,Z,0.3353804623
46024,P,0.0130037337
46024,S,0.2632934209
46024,T,0.4129007339
46024,Z,0.3108021115
46025,P,0.0095658572
46025,S,0.2369389257
46025,T,0.4716703458
46025,Z,0.2818248712
51004,P,0.0221153846
51004,S,0.1638986014
51004,T,0.3875
51004,Z,0.426486014
51008,P,0.0191307578
51008,S,0.1950222883
51008,T,0.3463967311
51008,Z,0.4394502229
51009,P,0.0116171004
51009,S,0.220027881
51009,T,0.3529275093
51009,Z,0.4154275093
51012,P,0.0271622588
51012,S,0.194424589
51012,T,0.3852751966
51012,Z,0.3931379557
51014,P,0.0289492495
51014,S,0.1622587563
51014,T,0.3398856326
51014,Z,0.4689063617
51017,P,0.0388429752
51017,S,0.223553719
51017,T,0.352892562
51017,Z,0.3847107438
51019,P,0.0230483271
51019,S,0.1970260223
51019,T,0.3665427509
51019,Z,0.4133828996
51065,P,0.0492142266
51065,S,0.2369727047
51065,T,0.3444995864
51065,Z,0.3693134822
51067,P,0.0159020289
51067,S,0.1259367574
51067,T,0.5015536465
51067,Z,0.3566075672
51068,P,0.0409323479
51068,S,0.1517907902
51068,T,0.425525867
51068,Z,0.3817509949
51069,P,0.0302819836
51069,S,0.2118349771
51069,T,0.4197805251
51069,Z,0.3381025142
52010,P,0.0050030018
52010,S,0.2515509306
52010,T,0.3842305383
52010,Z,0.3592155293
52011,P,0.0020903891
52011,S,0.2065920176
52011,T,0.4149341284
52011,Z,0.3763834649
52012,P,0.0024422154
52012,S,0.2414304405
52012,T,0.3965983428
52012,Z,0.3595290013
52015,P,0.0066537289
52015,S,0.230200536
52015,T,0.4060622863
52015,Z,0.3570834488
52018,P,0.007028754
52018,S,0.2846645367
52018,T,0.3948881789
52018,Z,0.3134185304
52021,P,0.0101731864
52021,S,0.2355577086
52021,T,0.3888821606
52021,Z,0.3653869444
52022,P,0.0073664825
52022,S,0.2184831743
52022,T,0.4033149171
52022,Z,0.3708354261
52025,P,0.0090144231
52025,S,0.1744791667
52025,T,0.3918269231
52025,Z,0.4246794872
52048,P,0.0054040776
52048,S,0.1596659297
52048,T,0.3775485139
52048,Z,0.4573814788
52055,P,0.0181324957
52055,S,0.1626213592
52055,T,0.417190177
52055,Z,0.402055968
52074,P,0.0077148178
52074,S,0.2428837457
52074,T,0.3793562118
52074,Z,0.3700452248
52075,P,0.0230065359
52075,S,0.1735947712
52075,T,0.4120261438
52075,Z,0.391372549
53014,P,0.0023839797
53014,S,0.1996185633
53014,T,0.3753973299
53014,Z,0.4226001271
53020,P,0.011059579
53020,S,0.199429183
53020,T,0.3533713878
53020,Z,0.4361398502
53028,P,0.005521049
53028,S,0.1844030366
53028,T,0.3657694962
53028,Z,0.4443064182
53039,P,0.016985138
53039,S,0.1893842887
53039,T,0.3583864119
53039,Z,0.4352441614
53044,P,0.0259519767
53044,S,0.1314576764
53044,T,0.345379578
53044,Z,0.4972107689
53046,P,0.0538589672
53046,S,0.1471404775
53046,T,0.4025541366
53046,Z,0.3964464187
53053,P,0.0062830582
53053,S,0.1464657798
53053,T,0.3838435647
53053,Z,0.4634075974
53065,P,0.0025777625
53065,S,0.2000343702
53065,T,0.3899295412
53065,Z,0.4074583262
53068,P,0.0062360802
53068,S,0.1821826281
53068,T,0.3812917595
53068,Z,0.4302895323
53070,P,0.0090339677
53070,S,0.1780293905
53070,T,0.3496747772
53070,Z,0.4632618646
53082,P,0.0023489933
53082,S,0.2167785235
53082,T,0.3911073826
53082,Z,0.3897651007
53083,P,0.0253857641
53083,S,0.1652563464
53083,T,0.3130910901
53083,Z,0.4962667994
53084,P,0.0239829994
53084,S,0.1769884639
53084,T,0.3327261688
53084,Z,0.4663023679
55004,P,0.023453909
55004,S,0.15915986
55004,T,0.4388564761
55004,Z,0.378529755
55035,P,0.0298953662
55035,S,0.1904334828
55035,T,0.3853512706
55035,Z,0.3943198804
55040,P,0.0508457711
55040,S,0.1575124378
55040,T,0.376318408
55040,Z,0.4153233831
55050,P,0.0216572505
55050,S,0.1887947269
55050,T,0.4001883239
55050,Z,0.3893596987
55085,P,0.0170821791
55085,S,0.175900277
55085,T,0.433056325
55085,Z,0.3739612188
55086,P,0.0044866043
55086,S,0.2526599154
55086,T,0.3839251378
55086,Z,0.3589283425
56001,P,0.0097039064
56001,S,0.2388653894
56001,T,0.3575516298
56001,Z,0.3938790744
56005,P,0.0488527017
56005,S,0.1780162842
56005,T,0.3304959289
56005,Z,0.4426350851
56016,P,0.0495798319
56016,S,0.1714285714
56016,T,0.3044817927
56016,Z,0.4745098039
56022,P,0.0221962617
56022,S,0.191588785
56022,T,0.335864486
56022,Z,0.4503504673
56029,P,0.0641312453
56029,S,0.1916480239
56029,T,0.3407904549
56029,Z,0.4034302759
56044,P,0.0177465951
56044,S,0.1687990095
56044,T,0.3243912505
56044,Z,0.4890631449
56049,P,0.0270602706
56049,S,0.1992619926
56049,T,0.3290282903
56049,Z,0.4446494465
56051,P,0.0533707865
56051,S,0.2348314607
56051,T,0.2898876404
56051,Z,0.4219101124
56078,P,0.0182625021
56078,S,0.1519030551
56078,T,0.3684929169
56078,Z,0.4613415259
56086,P,0.0114275668
56086,S,0.1671940928
56086,T,0.3734177215
56086,Z,0.4479606188
56088,P,0.0437365011
56088,S,0.1717062635
56088,T,0.3228941685
56088,Z,0.461663067
57003,P,0.0275482094
57003,S,0.1811294766
57003,T,0.3694903581
57003,Z,0.4218319559
57018,P,0.0581683168
57018,S,0.2054455446
57018,T,0.3560231023
57018,Z,0.3803630363
57027,P,0.0193212782
57027,S,0.1842952688
57027,T,0.2979935596
57027,Z,0.4983898935
57062,P,0.0372197309
57062,S,0.1843049327
57062,T,0.3551569507
57062,Z,0.4233183857
57064,P,0.0182228673
57064,S,0.1743267215
57064,T,0.3365586196
57064,Z,0.4708917916
57072,P,0.0275608636
57072,S,0.2044097382
57072,T,0.3146531925
57072,Z,0.4533762058
57081,P,0.0202661597
57081,S,0.1412927757
57081,T,0.3653231939
57081,Z,0.4731178707
57093,P,0.0366076876
57093,S,0.1830384381
57093,T,0.3273337401
57093,Z,0.4530201342
57094,P,0.0326665443
57094,S,0.168838319
57094,T,0.3488713525
57094,Z,0.4496237842
57095,P,0.0373891001
57095,S,0.2896070976
57095,T,0.3643852978
57095,Z,0.3086185044
57096,P,0.0047990693
57096,S,0.211062097
57096,T,0.3417519027
57096,Z,0.442386931
57097,P,0.0309431717
57097,S,0.2094614698
57097,T,0.2973817316
57097,Z,0.4622136269
58001,P,0.0053900054
58001,S,0.2462077462
58001,T,0.3853083853
58001,Z,0.3630938631
58002,P,0.0078719945
58002,S,0.2350474887
58002,T,0.3655343544
58002,Z,0.3915461624
58003,P,0.0370615486
58003,S,0.2068166777
58003,T,0.3299139643
58003,Z,0.4262078094
58004,P,0.0054078414
58004,S,0.2466576536
58004,T,0.362175154
58004,Z,0.3857593511
61003,P,0.0044069745
61003,S,0.232803219
61003,T,0.3663537076
61003,Z,0.3964360989
61010,P,0.0309734513
61010,S,0.1644542773
61010,T,0.3657817109
61010,Z,0.4387905605
61012,P,0.0452907874
61012,S,0.2027792074
61012,T,0.3582089552
61012,Z,0.3937210499
61019,P,0.0291070548
61019,S,0.2007893439
61019,T,0.3685249137
61019,Z,0.4015786877
61024,P,0.0256232687
61024,S,0.2070637119
61024,T,0.3739612188
61024,Z,0.3933518006
61028,P,0.0255102041
61028,S,0.1864564007
61028,T,0.3501855288
61028,Z,0.4378478664
61031,P,0.0089095745
61031,S,0.1783244681
61031,T,0.3609042553
61031,Z,0.4518617021
61039,P,0.0170022371
61039,S,0.2008948546
61039,T,0.3418344519
61039,Z,0.4402684564
61041,P,0.0217142857
61041,S,0.224
61041,T,0.3548571429
61041,Z,0.3994285714
61043,P,0.0149606299
61043,S,0.1744094488
61043,T,0.3692913386
61043,Z,0.4413385827
61048,P,0.0417376491
61048,S,0.1908006814
61048,T,0.3347529813
61048,Z,0.4327086882
61063,P,0.0289351852
61063,S,0.1996527778
61063,T,0.3975694444
61063,Z,0.3738425926
61068,P,0.0160291439
61068,S,0.2218579235
61068,T,0.3686703097
61068,Z,0.393442623
61072,P,0.0117999625
61072,S,0.1972279453
61072,T,0.3465068365
61072,Z,0.4444652557
61079,P,0.0282455187
61079,S,0.1901140684
61079,T,0.3449212385
61079,Z,0.4367191744
61080,P,0.0123164377
61080,S,0.2586451919
61080,T,0.3728090952
61080,Z,0.3562292752
61081,P,0.0397923875
61081,S,0.1911764706
61081,T,0.3330449827
61081,Z,0.4359861592
62003,P,0.0044651717
62003,S,0.1751339551
62003,T,0.438082953
62003,Z,0.3823179202
62006,P,0.0122052705
62006,S,0.1825242718
62006,T,0.4147018031
62006,Z,0.3905686546
62009,P,0.0179448836
62009,S,0.1988891263
62009,T,0.3870967742
62009,Z,0.396069216
62011,P,0.0168067227
62011,S,0.2228246137
62011,T,0.3626999187
62011,Z,0.3976687449
62015,P,0.0024509804
62015,S,0.2274955437
62015,T,0.3776737968
62015,Z,0.3923796791
62022,P,0.0021448398
62022,S,0.1633863235
62022,T,0.4143325763
62022,Z,0.4201362604
62026,P,0.0294401544
62026,S,0.1998069498
62026,T,0.3745173745
62026,Z,0.3962355212
62027,P,0.0248618785
62027,S,0.2222222222
62027,T,0.3609576427
62027,Z,0.3919582566
62032,P,0.0041183077
62032,S,0.1622987645
62032,T,0.3979782853
62032,Z,0.4356046425
62038,P,0.0043103448
62038,S,0.2036206897
62038,T,0.3943103448
62038,Z,0.3977586207
62051,P,0.0018550008
62051,S,0.2232184263
62051,T,0.4132787139
62051,Z,0.361647859
62060,P,0.0205371248
62060,S,0.1864139021
62060,T,0.3725645076
62060,Z,0.4204844655
62063,P,0.0024592931
62063,S,0.1511741919
62063,T,0.4243968302
62063,Z,0.4219696848
62079,P,0.0064703979
62079,S,0.2236600884
62079,T,0.4011646716
62079,Z,0.368704842
62093,P,0.0032366824
62093,S,0.2331759946
62093,T,0.4171274444
62093,Z,0.3464598786
62096,P,0.0022698613
62096,S,0.2147288777
62096,T,0.4082723834
62096,Z,0.3747288777
62099,P,0.0103765194
62099,S,0.2189445597
62099,T,0.3877853543
62099,Z,0.3828935666
62100,P,0.0256756757
62100,S,0.1817567568
62100,T,0.379222973
62100,Z,0.4133445946
62108,P,0.0037956666
62108,S,0.2131899415
62108,T,0.3900047446
62108,Z,0.3930096473
62118,P,0.0034263959
62118,S,0.2234771574
62118,T,0.4156091371
62118,Z,0.3574873096
62119,P,0.0089207626
62119,S,0.2090257128
62119,T,0.353682001
62119,Z,0.4283715235
62120,P,0.0039548023
62120,S,0.2184180791
62120,T,0.3976271186
62120,Z,0.38
62121,P,0.0062969242
62121,S,0.1600871882
62121,T,0.3870186486
62121,Z,0.446597239
62122,P,0.0066869301
62122,S,0.2139817629
62122,T,0.3872340426
62122,Z,0.3920972644
63001,P,0.0658585859
63001,S,0.2125252525
63001,T,0.2832323232
63001,Z,0.4383838384
63003,P,0.0247311828
63003,S,0.2580645161
63003,T,0.3715053763
63003,Z,0.3456989247
63004,P,0.0189174987
63004,S,0.2406726222
63004,T,0.3636363636
63004,Z,0.3767735155
63012,P,0.0578778135
63012,S,0.2198553055
63012,T,0.2865755627
63012,Z,0.4356913183
63013,P,0.029815614
63013,S,0.2585327579
63013,T,0.2907022362
63013,Z,0.4209493919
63020,P,0.0094725511
63020,S,0.2587728741
63020,T,0.3569429494
63020,Z,0.3748116254
63023,P,0.0104890521
63023,S,0.2034876098
63023,T,0.3288317818
63023,Z,0.4571915563
63035,P,0.0167028789
63035,S,0.2406300923
63035,T,0.357821836
63035,Z,0.3848451928
63038,P,0.0258942872
63038,S,0.2229044314
63038,T,0.3539775761
63038,Z,0.3972237053
63040,P,0.0050872093
63040,S,0.1739341085
63040,T,0.2718023256
63040,Z,0.5491763566
63045,P,0.0487465181
63045,S,0.1824512535
63045,T,0.2660167131
63045,Z,0.5027855153
63046,P,0.0202702703
63046,S,0.2677364865
63046,T,0.34375
63046,Z,0.3682432432
63048,P,0.0337398374
63048,S,0.1926829268
63048,T,0.3398373984
63048,Z,0.4337398374
63049,P,0.0272302378
63049,S,0.2113391587
63049,T,0.3513513514
63049,Z,0.4100792522
63057,P,0.0150550087
63057,S,0.2044006948
63057,T,0.3526346265
63057,Z,0.4279096699
63058,P,0.0107470511
63058,S,0.2422018349
63058,T,0.3580602883
63058,Z,0.3889908257
63061,P,0.0180924726
63061,S,0.14004914
63061,T,0.2202367657
63061,Z,0.6216216216
63067,P,0.0429936306
63067,S,0.1708371247
63067,T,0.2893539581
63067,Z,0.4968152866
63072,P,0.0059283212
63072,S,0.1786580437
63072,T,0.3794125573
63072,Z,0.4360010779
63073,P,0.0301739439
63073,S,0.2062477813
63073,T,0.3464678736
63073,Z,0.4171104011
63075,P,0.0343773873
63075,S,0.1825821238
63075,T,0.3017570665
63075,Z,0.4812834225
63076,P,0.0212126901
63076,S,0.199549465
63076,T,0.3534822602
63076,Z,0.4257555848
63079,P,0.0041481823
63079,S,0.2133433197
63079,T,0.386414703
63079,Z,0.396093795
63080,P,0.0361757106
63080,S,0.2645348837
63080,T,0.3543281654
63080,Z,0.3449612403
63084,P,0.0131514856
63084,S,0.2126156844
63084,T,0.3862640039
63084,Z,0.3879688261
63086,P,0.0418250951
63086,S,0.1663498099
63086,T,0.3868821293
63086,Z,0.4049429658
63087,P,0.0852974186
63087,S,0.1363636364
63087,T,0.1812570146
63087,Z,0.5970819304
63088,P,0.0309575234
63088,S,0.2174226062
63088,T,0.3280537557
63088,Z,0.4235661147
63089,P,0.0276587456
63089,S,0.2785352552
63089,T,0.3424230619
63089,Z,0.3513829373
64008,P,0.0111940299
64008,S,0.1708955224
64008,T,0.4208955224
64008,Z,0.3970149254
64015,P,0.0177127455
64015,S,0.1605698883
64015,T,0.3919907586
64015,Z,0.4297266076
64021,P,0.0219198791
64021,S,0.1730914588
64021,T,0.3990929705
64021,Z,0.4058956916
64023,P,0.0311368573
64023,S,0.1614771904
64023,T,0.4033309196
64023,Z,0.4040550326
64025,P,0.0177556818
64025,S,0.1775568182
64025,T,0.4126420455
64025,Z,0.3920454545
64029,P,0.0246575342
64029,S,0.1890410959
64029,T,0.3965753425
64029,Z,0.3897260274
64034,P,0.0175602176
64034,S,0.1451437451
64034,T,0.4150738151
64034,Z,0.4222222222
64047,P,0.0195667365
64047,S,0.1397624039
64047,T,0.4150943396
64047,Z,0.4255765199
64056,P,0.0213567839
64056,S,0.2041457286
64056,T,0.3957286432
64056,Z,0.3787688442
64063,P,0.0186915888
64063,S,0.1917919545
64063,T,0.3766761479
64063,Z,0.4128403088
64065,P,0.0118389897
64065,S,0.2407261247
64065,T,0.3934490923
64065,Z,0.3539857932
64074,P,0.0101146325
64074,S,0.1478422117
64074,T,0.4039109912
64074,Z,0.4381321645
64075,P,0.0236220472
64075,S,0.1679790026
64075,T,0.3980752406
64075,Z,0.4103237095
64076,P,0.02891845
64076,S,0.1810294968
64076,T,0.3921341816
64076,Z,0.3979178716
71002,P,0.0075057737
71002,S,0.2569284065
71002,T,0.4001154734
71002,Z,0.3354503464
71004,P,0.0046982905
71004,S,0.2923129175
71004,T,0.4023548058
71004,Z,0.3006339862
71011,P,0.0075385904
71011,S,0.2612181405
71011,T,0.3818355869
71011,Z,0.3494076822
71016,P,0.0026189981
71016,S,0.2435252546
71016,T,0.4260652671
71016,Z,0.3277904801
71017,P,0.0340356564
71017,S,0.1942193409
71017,T,0.4014046461
71017,Z,0.3703403566
71020,P,0.0215527798
71020,S,0.2444281166
71020,T,0.3960323292
71020,Z,0.3379867744
71022,P,0.0050042719
71022,S,0.16764311
71022,T,0.4441901623
71022,Z,0.3831624558
71024,P,0.0229479259
71024,S,0.2188879082
71024,T,0.3980582524
71024,Z,0.3601059135
71034,P,0.0032446463
71034,S,0.2204737184
71034,T,0.386275146
71034,Z,0.3900064893
71037,P,0.0103603604
71037,S,0.268018018
71037,T,0.4016516517
71037,Z,0.31996997
71045,P,0.0347714102
71045,S,0.2363168062
71045,T,0.3882807469
71045,Z,0.3406310367
71053,P,0.0297999885
71053,S,0.1736123119
71053,T,0.4209464522
71053,Z,0.3756412473
71057,P,0.0050755137
71057,S,0.2974746224
71057,T,0.4054221342
71057,Z,0.2920277296
71066,P,0.0034401204
71066,S,0.2524188347
71066,T,0.4114168996
71066,Z,0.3327241453
71067,P,0.0097853535
71067,S,0.2616792929
71067,T,0.351010101
71067,Z,0.3775252525
71069,P,0.0046337158
71069,S,0.3064872021
71069,T,0.3925419241
71069,Z,0.296337158
71070,P,0.0051740357
71070,S,0.2589369708
71070,T,0.42144873
71070,Z,0.3144402634
72003,P,0.0314090191
72003,S,0.2749605194
72003,T,0.3307597824
72003,Z,0.3628706791
72004,P,0.0272407733
72004,S,0.2734329233
72004,T,0.3349443468
72004,Z,0.3643819566
72018,P,0.0323287671
72018,S,0.218630137
72018,T,0.2849315068
72018,Z,0.464109589
72020,P,0.0064187539
72020,S,0.2532617038
72020,T,0.3408916486
72020,Z,0.3994278937
72021,P,0.0185599702
72021,S,0.2378287633
72021,T,0.3314680097
72021,Z,0.4121432569
72030,P,0.0308456411
72030,S,0.2502940792
72030,T,0.3317213436
72030,Z,0.3871389361
72037,P,0.0184111831
72037,S,0.2318445278
72037,T,0.28503239
72037,Z,0.4647118991
72038,P,0.0071603542
72038,S,0.2528735632
72038,T,0.3521763708
72038,Z,0.3877897117
72039,P,0.0042649071
72039,S,0.292749658
72039,T,0.3960730667
72039,Z,0.3069123682
72041,P,0.0133960047
72041,S,0.2586368978
72041,T,0.3450058754
72041,Z,0.3829612221
72042,P,0.0177908857
72042,S,0.2979735515
72042,T,0.3480163638
72042,Z,0.3362191989
72043,P,0.0089932003
72043,S,0.2493967975
72043,T,0.3268991738
72043,Z,0.4147108284
73001,P,0.0222606026
73001,S,0.2402609864
73001,T,0.3970447131
73001,Z,0.3404336979
73006,P,0.0173213509
73006,S,0.2376431367
73006,T,0.3793303377
73006,Z,0.3657051747
73009,P,0.0471658206
73009,S,0.2148900169
73009,T,0.3974196277
73009,Z,0.3405245347
73022,P,0.0501261034
73022,S,0.2279319042
73022,T,0.4101513241
73022,Z,0.3117906683
73028,P,0.0930232558
73028,S,0.1860465116
73028,T,0.3953488372
73028,Z,0.3255813953
73032,P,0.0229678
73032,S,0.242738122
73032,T,0.4075658635
73032,Z,0.3267282144
73040,P,0.0242285131
73040,S,0.2218821729
73040,T,0.3996429482
73040,Z,0.3542463657
73042,P,0.0101698078
73042,S,0.1953722709
73042,T,0.3270199664
73042,Z,0.4674379548
73066,P,0.0294318027
73066,S,0.193078076
73066,T,0.349502657
73066,Z,0.4279874642
73083,P,0.0173806045
73083,S,0.1952626317
73083,T,0.4245174191
73083,Z,0.3628393448
73098,P,0.0276645312
73098,S,0.2649970879
73098,T,0.3948747816
73098,Z,0.3124635993
73107,P,0.0093313688
73107,S,0.2689258402
73107,T,0.3752894128
73107,Z,0.3464533782
73109,P,0.0563685637
73109,S,0.1598915989
73109,T,0.3203252033
73109,Z,0.4634146341
81001,P,0.0071948836
81001,S,0.0449458163
81001,T,0.1815597797
81001,Z,0.7662995203
81003,P,0.0275355668
81003,S,0.052776503
81003,T,0.1445617256
81003,Z,0.7751262047
81004,P,0.0059089329
81004,S,0.0537017727
81004,T,0.1727493917
81004,Z,0.7676399027
81013,P,0.0155520995
81013,S,0.0513219285
81013,T,0.1866251944
81013,Z,0.7465007776
81015,P,0.015719468
81015,S,0.0477629988
81015,T,0.1584038694
81015,Z,0.7781136638
82003,P,0.0376848466
82003,S,0.1141675942
82003,T,0.2666560661
82003,Z,0.5814914931
82005,P,0.0692520776
82005,S,0.1468144044
82005,T,0.2513850416
82005,Z,0.5325484765
82009,P,0.0596379127
82009,S,0.0947816826
82009,T,0.2087326944
82009,Z,0.6368477103
82014,P,0.0561056106
82014,S,0.1485148515
82014,T,0.3069306931
82014,Z,0.4884488449
82032,P,0.0394265233
82032,S,0.173998045
82032,T,0.2965135223
82032,Z,0.4900619094
82036,P,0.0733074601
82036,S,0.1410090556
82036,T,0.2608883139
82036,Z,0.5247951703
82037,P,0.0668693009
82037,S,0.1393110436
82037,T,0.2639311044
82037,Z,0.5298885512
82038,P,0.0733944954
82038,S,0.1335372069
82038,T,0.3098878695
82038,Z,0.4831804281
83012,P,0.0360610264
83012,S,0.1900138696
83012,T,0.3675450763
83012,Z,0.4063800277
83013,P,0.0406173842
83013,S,0.2168968318
83013,T,0.3306255077
83013,Z,0.4118602762
83028,P,0.0162715016
83028,S,0.1892143189
83028,T,0.3919107392
83028,Z,0.4026034403
83031,P,0.0637402285
83031,S,0.154539988
83031,T,0.3920625376
83031,Z,0.3896572459
83034,P,0.0175836642
83034,S,0.1730005672
83034,T,0.371667612
83034,Z,0.4377481566
83040,P,0.0377880184
83040,S,0.1732718894
83040,T,0.3451612903
83040,Z,0.4437788018
83044,P,0.0520408163
83044,S,0.1724489796
83044,T,0.3897959184
83044,Z,0.3857142857
83049,P,0.0557903635
83049,S,0.1800507185
83049,T,0.3060016906
83049,Z,0.4581572274
83055,P,0.061042524
83055,S,0.183127572
83055,T,0.3340192044
83055,Z,0.4218106996
84009,P,0.0397862233
84009,S,0.1689429929
84009,T,0.3206650831
84009,Z,0.4706057007
84010,P,0.045320197
84010,S,0.1748768473
84010,T,0.3733990148
84010,Z,0.4064039409
84016,P,0.0553505535
84016,S,0.2084870849
84016,T,0.3542435424
84016,Z,0.3819188192
84029,P,0.0469565217
84029,S,0.1373913043
84029,T,0.2956521739
84029,Z,0.52
84033,P,0.0587084149
84033,S,0.1081213307
84033,T,0.2363013699
84033,Z,0.5968688845
84035,P,0.0538461538
84035,S,0.1625
84035,T,0.3331730769
84035,Z,0.4504807692
84043,P,0.0456870099
84043,S,0.1234231163
84043,T,0.3010569383
84043,Z,0.5298329356
84050,P,0.0564971751
84050,S,0.2066854991
84050,T,0.3097928437
84050,Z,0.4270244821
84059,P,0.0239574091
84059,S,0.1739130435
84059,T,0.3074534161
84059,Z,0.4946761313
84068,P,0.0338114754
84068,S,0.1598360656
84068,T,0.3514344262
84068,Z,0.4549180328
84075,P,0.0671256454
84075,S,0.178141136
84075,T,0.3287435456
84075,Z,0.425989673
84077,P,0.044515442
84077,S,0.148029819
84077,T,0.3186368477
84077,Z,0.4888178914
85007,P,0.0392749245
85007,S,0.1203423968
85007,T,0.2618328298
85007,Z,0.5785498489
85009,P,0.0257458112
85009,S,0.081732734
85009,T,0.1908459338
85009,Z,0.701675521
85011,P,0.0455958549
85011,S,0.1233160622
85011,T,0.3098445596
85011,Z,0.5212435233
85024,P,0.0317757009
85024,S,0.1514018692
85024,T,0.1943925234
85024,Z,0.6224299065
85026,P,0.0076112412
85026,S,0.0825526932
85026,T,0.1879391101
85026,Z,0.7218969555
85034,P,0.0196793003
85034,S,0.082361516
85034,T,0.1727405248
85034,Z,0.7252186589
85039,P,0.0374233129
85039,S,0.1159509202
85039,T,0.2214723926
85039,Z,0.6251533742
85045,P,0.0137154053
85045,S,0.1310311046
85045,T,0.2206710752
85045,Z,0.6345824149
85046,P,0.014088641
85046,S,0.0698561785
85046,T,0.2107425888
85046,Z,0.7053125917
85047,P,0.0444162437
85047,S,0.1573604061
85047,T,0.1954314721
85047,Z,0.6027918782
91005,P,0.0296041308
91005,S,0.1549053356
91005,T,0.3555938038
91005,Z,0.4598967298
91013,P,0.0389688249
91013,S,0.1654676259
91013,T,0.3378297362
91013,Z,0.4577338129
91015,P,0.0783553142
91015,S,0.236617533
91015,T,0.3204034135
91015,Z,0.3646237393
91030,P,0.0295566502
91030,S,0.1482450739
91030,T,0.3856219212
91030,Z,0.4365763547
91034,P,0.0188452285
91034,S,0.1417401764
91034,T,0.3714915798
91034,Z,0.4679230152
91054,P,0.0445632799
91054,S,0.2281639929
91054,T,0.3226381462
91054,Z,0.4046345811
91059,P,0.0345045901
91059,S,0.1627097183
91059,T,0.3497942387
91059,Z,0.452991453
91064,P,0.0549450549
91064,S,0.1758241758
91064,T,0.3545150502
91064,Z,0.4147157191
91072,P,0.0502702703
91072,S,0.1713513514
91072,T,0.3454054054
91072,Z,0.432972973
91103,P,0.0550678372
91103,S,0.1532322426
91103,T,0.3415802075
91103,Z,0.4501197127
91114,P,0.0282190635
91114,S,0.1768394649
91114,T,0.3735367893
91114,Z,0.4214046823
91120,P,0.0417678485
91120,S,0.19378339
91120,T,0.3516270034
91120,Z,0.4128217581
91141,P,0.0142255005
91141,S,0.1533192835
91141,T,0.3422023182
91141,Z,0.4902528978
91142,P,0.0211699164
91142,S,0.1699164345
91142,T,0.3805013928
91142,Z,0.4284122563
91143,P,0.0495049505
91143,S,0.1551155116
91143,T,0.3366336634
91143,Z,0.4587458746
92003,P,0.0209968403
92003,S,0.1710325145
92003,T,0.3696870859
92003,Z,0.4382835593
92006,P,0.0208126858
92006,S,0.1420548398
92006,T,0.3980839115
92006,Z,0.4390485629
92035,P,0.0183976261
92035,S,0.1713649852
92035,T,0.412611276
92035,Z,0.3976261128
92045,P,0.0073421439
92045,S,0.1794419971
92045,T,0.3483113069
92045,Z,0.4649045521
92048,P,0.0148652053
92048,S,0.2149155959
92048,T,0.3638196019
92048,Z,0.4063995969
92054,P,0.0222739362
92054,S,0.1569148936
92054,T,0.3926196809
92054,Z,0.4281914894
92087,P,0.0243902439
92087,S,0.2013133208
92087,T,0.347467167
92087,Z,0.4268292683
92094,P,0.0060215054
92094,S,0.1228673835
92094,T,0.4079808841
92094,Z,0.463130227
92097,P,0.0345316935
92097,S,0.1863765374
92097,T,0.3614001892
92097,Z,0.4176915799
92101,P,0.0120312813
92101,S,0.1554040505
92101,T,0.3725686786
92101,Z,0.4599959896
92114,P,0.0173310225
92114,S,0.1842865396
92114,T,0.413056037
92114,Z,0.3853264009
92137,P,0.00643054
92137,S,0.2409921405
92137,T,0.3658262733
92137,Z,0.3867510462
92138,P,0.0285271318
92138,S,0.1615503876
92138,T,0.3888372093
92138,Z,0.4210852713
92140,P,0.0098515332
92140,S,0.2381018454
92140,T,0.371583183
92140,Z,0.3804634383
92141,P,0.0197007481
92141,S,0.1443890274
92141,T,0.4114713217
92141,Z,0.4244389027
92142,P,0.0133333333
92142,S,0.1419607843
92142,T,0.4360784314
92142,Z,0.408627451
93010,P,0.0404040404
93010,S,0.1866028708
93010,T,0.3444976077
93010,Z,0.4284954811
93014,P,0.0361111111
93014,S,0.183974359
93014,T,0.3354700855
93014,Z,0.4444444444
93018,P,0.0651965484
93018,S,0.1744966443
93018,T,0.2809204219
93018,Z,0.4793863854
93022,P,0.0260849492
93022,S,0.1618190212
93022,T,0.3748845799
93022,Z,0.4372114497
93056,P,0.0413391557
93056,S,0.1586608443
93056,T,0.3554585153
93056,Z,0.4445414847
93088,P,0.0228237792
93088,S,0.1794055202
93088,T,0.3772558386
93088,Z,0.420514862
93090,P,0.0240711669
93090,S,0.1747776033
93090,T,0.3008895866
93090,Z,0.5002616431
