X,node1,node2,length,startLat,startLon,endLat,endLon,endNodeL,startNodeL,startYear,endYear,treeID,startProvince,endProvince,startCommune,endCommune
1,15,1,0.000381000000000006,633439.437709111,783592.251050308,633594.635219964,783592.583915909,0.000381000000000006,0,2020.22366271585,2020.22404371585,5680000,Liège,Liège,4750,4750
2,15,16,0.000359999999999999,633439.437709111,783592.251050308,633345.877950157,784096.783994058,0.000359999999999999,0,2020.22366271585,2020.22402271585,5680000,Liège,Liège,4750,4750
3,16,17,0.05209,633345.877950157,784096.783994058,639891.450790692,777666.880426871,0.05245,0.000359999999999999,2020.22402271585,2020.27611271585,5680000,Liège,Liège,4750,4950
4,16,18,0.00784,633345.877950157,784096.783994058,634030.695412689,783334.990246979,0.0082,0.000359999999999999,2020.22402271585,2020.23186271585,5680000,Liège,Liège,4750,4750
5,17,2,0.0326304535500016,639891.450790692,777666.880426871,642004.279437344,776063.346164795,0.0850804535500016,0.05245,2020.27611271585,2020.3087431694,5680000,Liège,Liège,4950,4700
6,17,3,0.0162374535500016,639891.450790692,777666.880426871,643955.040848366,776959.006924124,0.0686874535500016,0.05245,2020.27611271585,2020.2923501694,5680000,Liège,Liège,4950,4700
7,18,4,0.0768804535500016,634030.695412689,783334.990246979,645727.449992765,783006.262035757,0.0850804535500016,0.0082,2020.23186271585,2020.3087431694,5680000,Liège,Liège,4750,4700
8,18,19,0.02251,634030.695412689,783334.990246979,658659.078978763,766988.842018342,0.03071,0.0082,2020.23186271585,2020.25437271585,5680000,Liège,Liège,4750,4721
12,20,6,0.0000184535500016361,659467.784578017,766143.442164675,659721.667105112,766007.327830952,0.0331684535500016,0.03315,2020.25681271585,2020.2568311694,5680000,Liège,Liège,4720,4720
13,21,22,0.00244,659783.781073685,766391.404809943,659467.784578017,766143.442164675,0.03588,0.03344,2020.25710271585,2020.25954271585,5680000,Liège,Liège,4720,4720
14,21,7,0.00246045355000164,659783.781073685,766391.404809943,659898.132876325,767912.368129012,0.0359004535500016,0.03344,2020.25710271585,2020.2595631694,5680000,Liège,NA,4720,4721
15,22,8,0.0000204535500016381,659467.784578017,766143.442164675,621391.079976291,788523.748538198,0.0359004535500016,0.03588,2020.25954271585,2020.2595631694,5680000,Liège,Liège,4720,4760
16,22,23,0.03279,659467.784578017,766143.442164675,644661.047232902,778553.716513656,0.06867,0.03588,2020.25954271585,2020.29233271585,5680000,Liège,Liège,4720,4700
17,23,9,0.0000174535500016421,644661.047232902,778553.716513656,644602.295578747,778648.891159856,0.0686874535500016,0.06867,2020.29233271585,2020.2923501694,5680000,Liège,Liège,4700,4700
18,23,24,0.01164,644661.047232902,778553.716513656,655904.584764999,767523.982165082,0.08031,0.06867,2020.29233271585,2020.30397271585,5680000,Liège,Liège,4700,4711
19,24,25,0.00231000000000001,655904.584764999,767523.982165082,657099.076191366,766089.304463409,0.08262,0.08031,2020.30397271585,2020.30628271585,5680000,Liège,Liège,4711,4721
20,24,10,0.00477045355000164,655904.584764999,767523.982165082,646907.942200398,762960.499727477,0.0850804535500016,0.08031,2020.30397271585,2020.3087431694,5680000,Liège,Liège,4711,4837
21,25,26,0.00244,657099.076191366,766089.304463409,659467.784578017,766143.442164675,0.08506,0.08262,2020.30628271585,2020.30872271585,5680000,Liège,Liège,4721,4720
22,25,27,0.00244,657099.076191366,766089.304463409,659467.784578017,766143.442164675,0.08506,0.08262,2020.30628271585,2020.30872271585,5680000,Liège,Liège,4721,4720
23,26,12,0.0000204535500016451,659467.784578017,766143.442164675,656864.291915067,765324.685370526,0.0850804535500016,0.08506,2020.30872271585,2020.3087431694,5680000,Liège,Liège,4720,4720
24,26,11,0.0000204535500016451,659467.784578017,766143.442164675,616567.188939974,790410.616604529,0.0850804535500016,0.08506,2020.30872271585,2020.3087431694,5680000,Liège,Liège,4720,4760
27,36,28,0.0000219999999999942,638355.464807065,770789.783945615,638342.365206904,770787.908618678,0.0000219999999999942,0,2020.16391242623,2020.16393442623,5680000,Liège,Liège,4837,4837
28,36,37,0.00849,638355.464807065,770789.783945615,643836.953519544,761788.516634241,0.00849,0,2020.16391242623,2020.17240242623,5680000,Liège,Liège,4837,4834
29,37,38,0.00244,643836.953519544,761788.516634241,644299.616192715,760117.074120828,0.01093,0.00849,2020.17240242623,2020.17484242623,5680000,Liège,Liège,4834,4830
31,38,29,0.00275289617003015,644299.616192715,760117.074120828,653499.721368531,760313.572091665,0.0136828961700301,0.01093,2020.17484242623,2020.1775953224,5680000,Liège,Liège,4830,4841
32,38,30,0.0000208961700301491,644299.616192715,760117.074120828,644328.116767948,760083.212471651,0.0109508961700301,0.01093,2020.17484242623,2020.1748633224,5680000,Liège,Liège,4830,4830
34,39,40,0.01122,650738.067957305,744092.333451484,648112.83747911,746891.90563329,0.03308,0.02186,2020.18577242623,2020.19699242623,5680000,Liège,Liège,4671,4633
35,40,41,0.00244,648112.83747911,746891.90563329,644299.616192715,760117.074120828,0.03552,0.03308,2020.19699242623,2020.19943242623,5680000,Liège,Liège,4633,4830
37,41,33,0.0000208961700301491,644299.616192715,760117.074120828,661283.761418774,754693.907387243,0.0355408961700301,0.03552,2020.19943242623,2020.1994533224,5680000,Liège,Limburg,4830,3793
38,41,32,0.0000208961700301491,644299.616192715,760117.074120828,643303.267765298,771679.734280998,0.0355408961700301,0.03552,2020.19943242623,2020.1994533224,5680000,Liège,Liège,4830,4837
40,42,35,0.0597148961700301,647676.486282283,746579.47127948,650002.13291104,732988.073192809,0.10111489617003,0.0414,2020.20531242623,2020.2650273224,5680000,Liège,Liège,4630,4430
42,47,49,0.00832,661447.744110577,754568.924990154,661022.956870812,755057.534865516,0.00832,0,2020.19699255191,2020.20531255191,5680000,Limburg,Limburg,3793,3793
44,48,44,0.0000207704901184907,661277.919282268,754713.5470878,661283.761418774,754693.907387243,0.00246077049011849,0.00244,2020.19943255191,2020.1994533224,5680000,Limburg,Limburg,3793,3793
46,49,46,0.0597147704901185,661022.956870812,755057.534865516,650002.13291104,732988.073192809,0.0680347704901185,0.00832,2020.20531255191,2020.2650273224,5680000,Limburg,Liège,3793,4430
47,53,50,0.021763,641205.377552277,736323.513542807,644107.601292089,737707.589729516,0.021763,0,2020.18042279235,2020.20218579235,5680000,Liège,Liège,4130,4053
49,54,51,0.0546755683099446,645453.334021138,732819.978698085,635868.408763382,733214.531552291,0.0736755683099446,0.019,2020.19942279235,2020.25409836066,5680000,Liège,Liège,4000,4130
52,66,67,0.044023,631819.352170147,723826.627281744,649319.692094757,737747.632740251,0.044023,0,2020.0930527541,2020.1370757541,28400000,Liège,Liège,4550,4020
53,67,68,0.04318,649319.692094757,737747.632740251,655824.591489266,737352.226456418,0.087203,0.044023,2020.1370757541,2020.1802557541,28400000,Liège,Liège,4020,4680
54,67,70,0.000527,649319.692094757,737747.632740251,647269.759991032,737287.495126699,0.04455,0.044023,2020.1370757541,2020.1376027541,28400000,Liège,Liège,4020,4030
56,68,69,0.0000359999999999944,655824.591489266,737352.226456418,655803.80755675,737603.178752224,0.087239,0.087203,2020.1802557541,2020.1802917541,28400000,Liège,Liège,4680,4680
57,69,57,0.0000350491801042047,655803.80755675,737603.178752224,646101.216989852,738014.360673969,0.0872740491801042,0.087239,2020.1802917541,2020.18032680328,28400000,Liège,Liège,4680,4030
58,69,58,0.0000350491801042047,655803.80755675,737603.178752224,655987.805244944,737610.368292887,0.0872740491801042,0.087239,2020.1802917541,2020.18032680328,28400000,Liège,Liège,4680,4680
59,70,59,0.108299049180104,647269.759991032,737287.495126699,645175.440375378,738423.533533618,0.152849049180104,0.04455,2020.1376027541,2020.24590180328,28400000,Liège,Liège,4030,4032
60,70,71,0.04437,647269.759991032,737287.495126699,651658.959995116,738206.003442873,0.08892,0.04455,2020.1376027541,2020.1819727541,28400000,Liège,Liège,4030,4040
61,71,72,0.00342000000000001,651658.959995116,738206.003442873,609816.322321047,657044.304655235,0.09234,0.08892,2020.1819727541,2020.1853927541,28400000,Liège,Namur,4040,5651
62,71,60,0.0420710491801042,651658.959995116,738206.003442873,648722.063035101,771291.016031757,0.130991049180104,0.08892,2020.1819727541,2020.22404380328,28400000,Liège,Liège,4040,4700
63,72,61,0.0850990491801042,609816.322321047,657044.304655235,619509.321845003,661893.90824983,0.177439049180104,0.09234,2020.1853927541,2020.27049180328,28400000,Namur,Hainaut,5651,6200
64,72,73,0.000390000000000001,609816.322321047,657044.304655235,648431.197679594,660134.130278818,0.09273,0.09234,2020.1853927541,2020.1857827541,28400000,Namur,BrabantWallon,5651,1470
65,73,74,0.00437,648431.197679594,660134.130278818,646467.239687792,660306.454287363,0.0971,0.09273,2020.1857827541,2020.1901527541,28400000,BrabantWallon,BrabantWallon,1470,1470
66,73,62,0.0409930491801042,648431.197679594,660134.130278818,673235.654067548,645109.954755827,0.133723049180104,0.09273,2020.1857827541,2020.22677580328,28400000,BrabantWallon,Bruxelles,1470,1082
67,74,63,0.0420880491801042,646467.239687792,660306.454287363,631662.248602259,658290.557716334,0.139188049180104,0.0971,2020.1901527541,2020.23224080328,28400000,BrabantWallon,Hainaut,1470,6211
68,74,75,0.03659,646467.239687792,660306.454287363,647704.450011866,662472.907859739,0.13369,0.0971,2020.1901527541,2020.2267427541,28400000,BrabantWallon,BrabantWallon,1470,1490
69,75,65,0.0191590491801042,647704.450011866,662472.907859739,635215.846043767,651491.117361354,0.152849049180104,0.13369,2020.2267427541,2020.24590180328,28400000,BrabantWallon,Hainaut,1490,6230
70,75,64,0.0000330491801042165,647704.450011866,662472.907859739,670101.109616007,698047.89762907,0.133723049180104,0.13369,2020.2267427541,2020.22677580328,28400000,BrabantWallon,VlaamsBrabant,1490,3350
71,80,76,0.054103,721619.766166605,672481.39819121,721280.27614978,672102.46313337,0.054103,0,2020.18906639891,2020.24316939891,5680000,Antwerpen,Antwerpen,2390,2390
72,80,81,0.0000980000000000009,721619.766166605,672481.39819121,682603.963070972,690243.615143611,0.0000980000000000009,0,2020.18906639891,2020.18916439891,5680000,Antwerpen,VlaamsBrabant,2390,3460
73,81,77,0.032147,682603.963070972,690243.615143611,710692.072436232,706114.552496834,0.032245,0.0000980000000000009,2020.18916439891,2020.22131139891,5680000,VlaamsBrabant,Antwerpen,3460,2400
74,81,82,0.000549000000000001,682603.963070972,690243.615143611,682619.273595342,690257.332212531,0.000647000000000002,0.0000980000000000009,2020.18916439891,2020.18971339891,5680000,VlaamsBrabant,VlaamsBrabant,3460,3460
75,82,78,0.039795,682619.273595342,690257.332212531,682460.707861464,690072.960299478,0.040442,0.000647000000000002,2020.18971339891,2020.22950839891,5680000,VlaamsBrabant,VlaamsBrabant,3460,3390
76,82,79,0.050724,682619.273595342,690257.332212531,694438.711141177,708299.528446153,0.051371,0.000647000000000002,2020.18971339891,2020.24043739891,5680000,VlaamsBrabant,Limburg,3460,3583
77,87,83,0.071835,682784.987546948,653440.432831986,698273.354839221,698609.845446575,0.071835,0,2020.17133439891,2020.24316939891,5680000,VlaamsBrabant,Antwerpen,1980,2430
78,87,88,0.000442999999999999,682784.987546948,653440.432831986,682801.880007673,653427.50704756,0.000442999999999999,0,2020.17133439891,2020.17177739891,5680000,VlaamsBrabant,VlaamsBrabant,1980,1980
79,88,84,0.065928,682801.880007673,653427.50704756,714257.812322577,721415.178959928,0.066371,0.000442999999999999,2020.17177739891,2020.23770539891,5680000,VlaamsBrabant,Limburg,1980,3900
81,89,85,0.057475,682802.340203905,653425.586644082,682760.32949797,652969.524646665,0.058173,0.000698000000000004,2020.17203239891,2020.22950739891,5680000,VlaamsBrabant,VlaamsBrabant,1980,1850
82,89,86,0.071137,682802.340203905,653425.586644082,718395.810602827,674852.613167297,0.071835,0.000698000000000004,2020.17203239891,2020.24316939891,5680000,VlaamsBrabant,Antwerpen,1980,2980
84,95,97,0.00546,677166.218225459,673327.854878798,677449.449823349,673666.287606755,0.00546,0,2020.22156271585,2020.22702271585,28400000,VlaamsBrabant,VlaamsBrabant,3012,3012
85,96,90,0.0000409999999999994,705060.706171268,648668.226470281,705046.906303553,648572.717890105,0.002481,0.00244,2020.22400271585,2020.22404371585,28400000,Antwerpen,Antwerpen,2610,2620
86,96,91,0.00277268305988316,705060.706171268,648668.226470281,665975.562516932,661043.249116965,0.00521268305988316,0.00244,2020.22400271585,2020.22677539891,28400000,Antwerpen,VlaamsBrabant,2610,3080
88,97,98,0.01337,677449.449823349,673666.287606755,676808.413881841,673524.948694033,0.01883,0.00546,2020.22702271585,2020.24039271585,28400000,VlaamsBrabant,VlaamsBrabant,3012,3012
89,98,93,0.00277668305988316,676808.413881841,673524.948694033,712666.037269849,662439.682957455,0.0216066830598832,0.01883,2020.24039271585,2020.24316939891,28400000,VlaamsBrabant,Antwerpen,3012,2110
90,98,94,0.0000436830598831567,676808.413881841,673524.948694033,676909.563494759,673541.779546036,0.0188736830598832,0.01883,2020.24039271585,2020.24043639891,28400000,VlaamsBrabant,VlaamsBrabant,3012,3012
91,103,99,0.082848,643909.993977609,715975.030095741,645475.805167229,722068.605987602,0.082848,0,2020.17398260109,2020.25683060109,5680000,Liège,Liège,4537,4460
93,104,100,0.0180307213100143,657966.01013274,758996.860075151,658082.876653976,759267.291260263,0.0500607213100143,0.03203,2020.20601260109,2020.2240433224,5680000,Liège,Liège,4852,4852
94,104,105,0.01695,657966.01013274,758996.860075151,654730.796380443,744730.498207583,0.04898,0.03203,2020.20601260109,2020.22296260109,5680000,Liège,Liège,4852,4672
95,105,101,0.0420647213100143,654730.796380443,744730.498207583,654414.060446384,742463.772057467,0.0910447213100143,0.04898,2020.22296260109,2020.2650273224,5680000,Liège,Liège,4672,4602
96,105,102,0.0311357213100143,654730.796380443,744730.498207583,642194.815864786,738952.547159649,0.0801157213100143,0.04898,2020.22296260109,2020.2540983224,5680000,Liège,Liège,4672,4050
97,111,106,0.022639,647456.395239906,736118.862560331,642810.179117121,737004.216225384,0.022639,0,2020.19867247541,2020.22131147541,5680000,Liège,Liège,4020,4053
98,111,112,0.019765,647456.395239906,736118.862560331,647824.793328035,737072.537303393,0.019765,0,2020.19867247541,2020.21843747541,5680000,Liège,Liège,4020,4020
101,113,107,0.0246073661199937,647841.007592119,737078.155163735,648231.883716538,742679.81270325,0.0444973661199937,0.01989,2020.21856247541,2020.24316984153,5680000,Liège,Liège,4020,4610
102,113,108,0.0246073661199937,647841.007592119,737078.155163735,643827.755001683,721663.707075135,0.0444973661199937,0.01989,2020.21856247541,2020.24316984153,5680000,Liège,Liège,4020,4470
105,118,115,0.0000150000000000011,643227.070716479,572934.932883233,643208.331351776,572947.73524852,0.0000150000000000011,0,2020.22949319672,2020.22950819672,5680000,Hainaut,Hainaut,7522,7522
106,118,119,0.03825,643227.070716479,572934.932883233,636154.289207111,595891.859249401,0.03825,0,2020.22949319672,2020.26774319672,5680000,Hainaut,Hainaut,7522,7601
107,119,116,0.0000163661199936924,636154.289207111,595891.859249401,636604.286342663,600726.7701768,0.0382663661199937,0.03825,2020.26774319672,2020.26775956284,5680000,Hainaut,Hainaut,7601,7971
108,119,117,0.0000163661199936924,636154.289207111,595891.859249401,636159.356238246,595883.421515817,0.0382663661199937,0.03825,2020.26774319672,2020.26775956284,5680000,Hainaut,Hainaut,7601,7601
109,144,154,0.000305,629764.01310498,697231.655876823,629523.059273911,697498.928057601,0.000305,0,2020.15059719672,2020.15090219672,5680000,Namur,Namur,5300,5300
110,144,145,0.032644,629764.01310498,697231.655876823,623088.865294954,646636.727467619,0.032644,0,2020.15059719672,2020.18324119672,5680000,Namur,Hainaut,5300,6140
111,145,146,0.000679999999999986,623088.865294954,646636.727467619,632035.888220265,651065.051622424,0.033324,0.032644,2020.18324119672,2020.18392119672,5680000,Hainaut,Hainaut,6140,6230
112,145,148,0.00110099999999999,623088.865294954,646636.727467619,622951.387890139,646826.728382993,0.033745,0.032644,2020.18324119672,2020.18434219672,5680000,Hainaut,Hainaut,6140,6140
113,146,120,0.045587,632035.888220265,651065.051622424,645213.27837536,660472.799401023,0.078911,0.033324,2020.18392119672,2020.22950819672,5680000,Hainaut,BrabantWallon,6230,1470
114,146,147,0.081091,632035.888220265,651065.051622424,660660.987521823,751407.720362874,0.114415,0.033324,2020.18392119672,2020.26501219672,5680000,Hainaut,Limburg,6230,3790
115,147,122,0.0000157704901184857,660660.987521823,751407.720362874,660347.033518613,751230.843956215,0.114430770490118,0.114415,2020.26501219672,2020.26502796721,5680000,Limburg,Limburg,3790,3790
116,147,121,0.0000157704901184857,660660.987521823,751407.720362874,646018.944880149,761202.136617707,0.114430770490118,0.114415,2020.26501219672,2020.26502796721,5680000,Limburg,Liège,3790,4830
117,148,151,0.00788,622951.387890139,646826.728382993,623024.422205811,647235.110241936,0.041625,0.033745,2020.18434219672,2020.19222219672,5680000,Hainaut,Hainaut,6140,6140
118,148,149,0.02822,622951.387890139,646826.728382993,623257.183007802,656966.720071106,0.061965,0.033745,2020.18434219672,2020.21256219672,5680000,Hainaut,Hainaut,6140,6061
119,149,123,0.0169457704901185,623257.183007802,656966.720071106,620882.147130081,659195.08116962,0.0789107704901185,0.061965,2020.21256219672,2020.22950796721,5680000,Hainaut,Hainaut,6061,6061
120,149,150,0.0142,623257.183007802,656966.720071106,626617.297138309,655197.013120948,0.076165,0.061965,2020.21256219672,2020.22676219672,5680000,Hainaut,Hainaut,6061,6040
121,150,124,0.0000137704901184837,626617.297138309,655197.013120948,626602.093001581,655167.334328875,0.0761787704901185,0.076165,2020.22676219672,2020.22677596721,5680000,Hainaut,Hainaut,6040,6040
122,150,125,0.0000137704901184837,626617.297138309,655197.013120948,638828.448737194,604839.961196904,0.0761787704901185,0.076165,2020.22676219672,2020.22677596721,5680000,Hainaut,Hainaut,6040,7950
123,151,126,0.0427507704901185,623024.422205811,647235.110241936,639718.972304918,630017.612253304,0.0843757704901185,0.041625,2020.19222219672,2020.23497296721,5680000,Hainaut,Hainaut,6140,7060
124,151,152,0.00381000000000001,623024.422205811,647235.110241936,653909.830536258,657064.653484327,0.045435,0.041625,2020.19222219672,2020.19603219672,5680000,Hainaut,BrabantWallon,6140,1380
126,152,153,0.02799,653909.830536258,657064.653484327,657415.540166228,650931.687405849,0.073425,0.045435,2020.19603219672,2020.22402219672,5680000,BrabantWallon,BrabantWallon,1380,1410
127,153,128,0.0000217704901184779,657415.540166228,650931.687405849,657578.942935312,651680.146940532,0.0734467704901185,0.073425,2020.22402219672,2020.22404396721,5680000,BrabantWallon,BrabantWallon,1410,1410
129,154,155,0.07275,629523.059273911,697498.928057601,643336.173258248,723666.624345184,0.073055,0.000305,2020.15090219672,2020.22365219672,5680000,Namur,Liège,5300,4400
130,154,159,0.0365,629523.059273911,697498.928057601,640739.60342045,701398.957101649,0.036805,0.000305,2020.15090219672,2020.18740219672,5680000,Namur,Liège,5300,4217
131,155,130,0.0195177704901185,643336.173258248,723666.624345184,637258.173479425,723190.927667398,0.0925727704901185,0.073055,2020.22365219672,2020.24316996721,5680000,Liège,Liège,4400,4480
132,155,156,0.01951,643336.173258248,723666.624345184,654506.015105354,736591.554306199,0.092565,0.073055,2020.22365219672,2020.24316219672,5680000,Liège,Liège,4400,4041
133,156,131,0.00000777049011847775,654506.015105354,736591.554306199,654591.208326429,736548.859441932,0.0925727704901185,0.092565,2020.24316219672,2020.24316996721,5680000,Liège,Liège,4041,4041
134,156,157,0.00273,654506.015105354,736591.554306199,644168.549262519,754301.370369586,0.095295,0.092565,2020.24316219672,2020.24589219672,5680000,Liège,Liège,4041,4800
135,157,132,0.00000977049011847975,644168.549262519,754301.370369586,644138.341118424,754333.657469331,0.0953047704901185,0.095295,2020.24589219672,2020.24590196721,5680000,Liège,Liège,4800,4800
136,157,158,0.00684,644168.549262519,754301.370369586,643845.300517004,750531.711245195,0.102135,0.095295,2020.24589219672,2020.25273219672,5680000,Liège,Liège,4800,4861
138,158,133,0.0423497704901185,643845.300517004,750531.711245195,643798.614983222,739260.79746163,0.144484770490118,0.102135,2020.25273219672,2020.29508196721,5680000,Liège,Liège,4861,4051
140,159,160,0.00824,640739.60342045,701398.957101649,641039.894599947,683211.873611126,0.045045,0.036805,2020.18740219672,2020.19564219672,5680000,Liège,Namur,4217,5310
142,160,161,0.00956,641039.894599947,683211.873611126,640095.766775041,723257.545072386,0.054605,0.045045,2020.19564219672,2020.20520219672,5680000,Namur,Liège,5310,4480
143,161,137,0.0898797704901185,640095.766775041,723257.545072386,627788.407395898,756147.996083106,0.144484770490118,0.054605,2020.20520219672,2020.29508196721,5680000,Liège,Liège,4480,4900
144,161,162,0.00244,640095.766775041,723257.545072386,641721.601162457,723650.871005171,0.057045,0.054605,2020.20520219672,2020.20764219672,5680000,Liège,Liège,4480,4480
145,162,163,0.01366,641721.601162457,723650.871005171,642765.871827867,736625.402255257,0.070705,0.057045,2020.20764219672,2020.22130219672,5680000,Liège,Liège,4480,4053
146,162,138,0.00000777049011847775,641721.601162457,723650.871005171,643393.001597768,725156.200044067,0.0570527704901185,0.057045,2020.20764219672,2020.20764996721,5680000,Liège,Liège,4480,4400
147,163,139,0.00000977049011847975,642765.871827867,736625.402255257,642505.771597659,736369.952252812,0.0707147704901185,0.070705,2020.22130219672,2020.22131196721,5680000,Liège,Liège,4053,4031
148,163,164,0.0082,642765.871827867,736625.402255257,642960.209707675,731287.449854321,0.078905,0.070705,2020.22130219672,2020.22950219672,5680000,Liège,Liège,4053,4100
149,164,140,0.00000577049011848962,642960.209707675,731287.449854321,619734.868467993,671660.024361806,0.0789107704901185,0.078905,2020.22950219672,2020.22950796721,5680000,Liège,Namur,4100,5070
150,164,165,0.02186,642960.209707675,731287.449854321,626381.246814112,658433.253054989,0.100765,0.078905,2020.22950219672,2020.25136219672,5680000,Liège,Hainaut,4100,6043
151,165,141,0.00000377049011848762,626381.246814112,658433.253054989,626301.811131923,658136.028610079,0.100768770490118,0.100765,2020.25136219672,2020.25136596721,5680000,Hainaut,Hainaut,6043,6043
153,166,142,0.000000770490118484624,642960.209707675,731287.449854321,642991.210494966,731172.956283828,0.108965770490118,0.108965,2020.25956219672,2020.25956296721,5680000,Liège,Liège,4100,4100
154,166,143,0.00273277049011848,642960.209707675,731287.449854321,647003.515901518,739792.941476986,0.111697770490118,0.108965,2020.25956219672,2020.26229496721,5680000,Liège,Liège,4100,4030
155,171,172,0.000315999999999997,621644.192789132,733370.683350475,621760.011760881,733498.048629253,0.000315999999999997,0,2020.20926660109,2020.20958260109,5680000,Liège,Liège,4190,4190
156,171,173,0.012036,621644.192789132,733370.683350475,621619.635482212,733337.987517373,0.012036,0,2020.20926660109,2020.22130260109,5680000,Liège,Liège,4190,4190
157,172,167,0.047248,621760.011760881,733498.048629253,638352.706029381,741350.463134731,0.047564,0.000315999999999997,2020.20958260109,2020.25683060109,5680000,Liège,Liège,4190,4140
159,173,169,0.00000900000000000206,621619.635482212,733337.987517373,627200.31703903,712450.337350459,0.012045,0.012036,2020.22130260109,2020.22131160109,5680000,Liège,Liège,4190,4570
160,173,170,0.00000900000000000206,621619.635482212,733337.987517373,621620.613947002,733338.677581932,0.012045,0.012036,2020.22130260109,2020.22131160109,5680000,Liège,Liège,4190,4190
161,177,174,0.038748,649872.374046781,738949.652655881,649828.060857379,738582.443275743,0.038748,0,2020.1743667541,2020.2131147541,5680000,Liège,Liège,4020,4020
162,177,178,0.000476000000000004,649872.374046781,738949.652655881,650009.629563138,739254.571607716,0.000476000000000004,0,2020.1743667541,2020.1748427541,5680000,Liège,Liège,4020,4020
163,178,175,0.0847200874300079,650009.629563138,739254.571607716,639036.61561205,761789.361359551,0.0851960874300079,0.000476000000000004,2020.1748427541,2020.25956284153,5680000,Liège,Liège,4020,4845
164,178,176,0.0792560874300079,650009.629563138,739254.571607716,638512.146051671,674657.150296433,0.0797320874300079,0.000476000000000004,2020.1748427541,2020.25409884153,5680000,Liège,Namur,4020,5030
165,184,179,0.0217,638461.430902079,762943.411137606,633852.144429244,762159.277816344,0.0217,0,2020.23786284153,2020.25956284153,5680000,Liège,Liège,4845,4845
166,184,185,0.01385,638461.430902079,762943.411137606,638908.614793138,761951.329121358,0.01385,0,2020.23786284153,2020.25171284153,5680000,Liège,Liège,4845,4845
167,185,180,0.0461013661199937,638908.614793138,761951.329121358,648675.589367747,758910.214387746,0.0599513661199937,0.01385,2020.25171284153,2020.29781420765,5680000,Liège,Liège,4845,4831
168,185,186,0.00238,638908.614793138,761951.329121358,639629.543838828,763134.620216746,0.01623,0.01385,2020.25171284153,2020.25409284153,5680000,Liège,Liège,4845,4845
169,186,181,0.00000636611999368236,639629.543838828,763134.620216746,639651.659972352,763118.45853703,0.0162363661199937,0.01623,2020.25409284153,2020.25409920765,5680000,Liège,Liège,4845,4845
171,187,182,0.0000053661199936883,641197.362570778,754011.014775631,641216.898663972,754130.474655306,0.0271653661199937,0.02716,2020.26502284153,2020.26502820765,5680000,Liège,Liège,4800,4800
173,210,211,0.017211,630165.690712285,618821.615431458,630625.525210384,617380.83767571,0.017211,0,2020.17704215847,2020.19425315847,5680000,Hainaut,Hainaut,7011,7011
174,210,217,0.000480999999999995,630165.690712285,618821.615431458,628260.937767094,620675.553182329,0.000480999999999995,0,2020.17704215847,2020.17752315847,5680000,Hainaut,Hainaut,7011,7000
175,211,188,0.046184,630625.525210384,617380.83767571,634395.069471654,597922.988057891,0.063395,0.017211,2020.19425315847,2020.24043715847,5680000,Hainaut,Hainaut,7011,7971
177,212,189,0.0276596448099794,630887.875791438,615783.6294511,626385.732573266,619905.005539282,0.0606626448099794,0.033003,2020.21004515847,2020.23770480328,5680000,Hainaut,Hainaut,7011,7000
178,212,213,0.000442999999999999,630887.875791438,615783.6294511,631236.814252643,614690.736670193,0.033446,0.033003,2020.21004515847,2020.21048815847,5680000,Hainaut,Hainaut,7011,7011
179,213,214,0.0000850000000000017,631236.814252643,614690.736670193,631735.405248158,614212.368710267,0.033531,0.033446,2020.21048815847,2020.21057315847,5680000,Hainaut,Hainaut,7011,7331
180,213,190,0.0299486448099794,631236.814252643,614690.736670193,616499.520222121,613495.018714459,0.0633946448099794,0.033446,2020.21048815847,2020.24043680328,5680000,Hainaut,Hainaut,7011,7080
181,214,215,0.01379,631735.405248158,614212.368710267,626720.329697188,619087.602257202,0.047321,0.033531,2020.21057315847,2020.22436315847,5680000,Hainaut,Hainaut,7331,7000
182,214,191,0.0325966448099794,631735.405248158,614212.368710267,636634.903007833,593966.679708663,0.0661276448099794,0.033531,2020.21057315847,2020.24316980328,5680000,Hainaut,Hainaut,7331,7602
185,216,193,0.00000264480997944072,626439.833436544,619824.116951608,626451.921991273,619779.865892222,0.0497336448099794,0.049731,2020.22677315847,2020.22677580328,5680000,Hainaut,Hainaut,7000,7000
187,217,195,0.0492526448099794,628260.937767094,620675.553182329,664850.908366641,656993.083389752,0.0497336448099794,0.000480999999999995,2020.17752315847,2020.22677580328,5680000,Hainaut,Bruxelles,7000,1160
189,218,219,0.000338000000000005,622391.217219733,619565.186516442,622722.763838648,619019.560568887,0.018599,0.018261,2020.19530315847,2020.19564115847,5680000,Hainaut,Hainaut,7024,7024
194,220,198,0.0416216448099794,622945.373754454,618649.012813467,626762.354065959,619252.162437747,0.0606626448099794,0.019041,2020.19608315847,2020.23770480328,5680000,Hainaut,Hainaut,7022,7000
195,221,222,0.00465,623046.344994222,619063.816856725,624275.800738078,617931.088936128,0.024041,0.019391,2020.19643315847,2020.20108315847,5680000,Hainaut,Hainaut,7022,7033
196,221,199,0.0412716448099794,623046.344994222,619063.816856725,621766.919969785,611260.985550386,0.0606626448099794,0.019391,2020.19643315847,2020.23770480328,5680000,Hainaut,Hainaut,7022,7340
199,223,224,0.00505,625250.977865734,618186.576014132,621448.701026604,622276.298501278,0.047291,0.042241,2020.21928315847,2020.22433315847,5680000,Hainaut,Hainaut,7033,7022
200,223,226,0.00231,625250.977865734,618186.576014132,621821.667864965,614811.441088609,0.044551,0.042241,2020.21928315847,2020.22159315847,5680000,Hainaut,Hainaut,7033,7080
201,224,201,0.0461586448099794,621448.701026604,622276.298501278,639153.587288567,579257.971495689,0.0934496448099794,0.047291,2020.22433315847,2020.27049180328,5680000,Hainaut,Hainaut,7022,7500
202,224,225,0.00244,621448.701026604,622276.298501278,625174.185193355,622611.938631111,0.049731,0.047291,2020.22433315847,2020.22677315847,5680000,Hainaut,Hainaut,7022,7000
203,225,203,0.00000264480997944072,625174.185193355,622611.938631111,625122.201253192,622628.562003636,0.0497336448099794,0.049731,2020.22677315847,2020.22677580328,5680000,Hainaut,Hainaut,7000,7000
204,225,202,0.00273464480997944,625174.185193355,622611.938631111,626346.297775113,615851.857920577,0.0524656448099794,0.049731,2020.22677315847,2020.22950780328,5680000,Hainaut,Hainaut,7000,7012
206,226,228,0.00684,621821.667864965,614811.441088609,620898.892774729,614719.123179114,0.051391,0.044551,2020.22159315847,2020.22843315847,5680000,Hainaut,Hainaut,7080,7080
207,227,205,0.00274264480997944,625174.185193355,622611.938631111,622845.179477647,611950.63583765,0.0497336448099794,0.046991,2020.22403315847,2020.22677580328,5680000,Hainaut,Hainaut,7000,7340
211,229,209,0.00242164480997944,621361.756785804,615193.805118551,621368.852559525,614476.959269159,0.0606626448099794,0.058241,2020.23528315847,2020.23770480328,5680000,Hainaut,Hainaut,7080,7340
212,229,230,0.00514000000000001,621361.756785804,615193.805118551,634819.024728545,631122.551807903,0.063381,0.058241,2020.23528315847,2020.24042315847,5680000,Hainaut,Hainaut,7080,7070
213,230,208,0.0000136448099794378,634819.024728545,631122.551807903,634849.504248323,630809.535223493,0.0633946448099794,0.063381,2020.24042315847,2020.24043680328,5680000,Hainaut,Hainaut,7070,7070
215,235,231,0.002027,630153.313765288,610002.18131318,632047.252487722,609346.008467919,0.002027,0,2020.20562327322,2020.20765027322,5680000,Hainaut,Hainaut,7333,7334
217,236,232,0.00244924044008202,618240.960570821,603234.694223063,647322.613519496,586530.117649849,0.00475924044008202,0.00231,2020.20793327322,2020.21038251366,5680000,Hainaut,Hainaut,7387,7540
218,236,237,0.00244,618240.960570821,603234.694223063,617800.303427761,602128.49987314,0.00475,0.00231,2020.20793327322,2020.21037327322,5680000,Hainaut,Hainaut,7387,7387
220,237,234,0.00000924044008202268,617800.303427761,602128.49987314,612702.155484843,604131.302563964,0.00475924044008202,0.00475,2020.21037327322,2020.21038251366,5680000,Hainaut,Hainaut,7387,7387
221,265,238,0.067603,668137.782058648,642937.399353259,629153.810199301,648732.465876985,0.067603,0,2020.15917295628,2020.22677595628,5680000,Bruxelles,Hainaut,1070,6183
222,265,266,0.00262,668137.782058648,642937.399353259,661286.071063738,650430.138926486,0.00262,0,2020.15917295628,2020.16179295628,5680000,Bruxelles,VlaamsBrabant,1070,1640
223,266,267,0.00542000000000001,661286.071063738,650430.138926486,661957.445568246,647168.796636872,0.00804000000000001,0.00262,2020.16179295628,2020.16721295628,5680000,VlaamsBrabant,VlaamsBrabant,1640,1630
224,266,239,0.0622513278698626,661286.071063738,650430.138926486,619072.036436229,656764.416294378,0.0648713278698626,0.00262,2020.16179295628,2020.22404428415,5680000,VlaamsBrabant,Hainaut,1640,6010
225,267,268,0.00266999999999999,661957.445568246,647168.796636872,665179.579053582,640779.256749377,0.01071,0.00804000000000001,2020.16721295628,2020.16988295628,5680000,VlaamsBrabant,VlaamsBrabant,1630,1602
226,267,240,0.0978153278698626,661957.445568246,647168.796636872,670396.020321919,644614.617998245,0.105855327869863,0.00804000000000001,2020.16721295628,2020.26502828415,5680000,VlaamsBrabant,Bruxelles,1630,1070
227,268,269,0.00535000000000001,665179.579053582,640779.256749377,670367.417416036,644616.546403177,0.01606,0.01071,2020.16988295628,2020.17523295628,5680000,VlaamsBrabant,Bruxelles,1602,1070
228,268,241,0.0541613278698626,665179.579053582,640779.256749377,666240.852408093,653026.398962613,0.0648713278698626,0.01071,2020.16988295628,2020.22404428415,5680000,VlaamsBrabant,Bruxelles,1602,1170
229,269,270,0.00233999999999999,670367.417416036,644616.546403177,673173.61704785,649313.700682834,0.0184,0.01606,2020.17523295628,2020.17757295628,5680000,Bruxelles,Bruxelles,1070,1000
230,269,242,0.0679373278698626,670367.417416036,644616.546403177,641147.11924527,729546.251754598,0.0839973278698626,0.01606,2020.17523295628,2020.24317028415,5680000,Bruxelles,Liège,1070,4100
231,270,271,0.00353000000000001,673173.61704785,649313.700682834,629873.169294199,668717.238227292,0.02193,0.0184,2020.17757295628,2020.18110295628,5680000,Bruxelles,Namur,1000,5060
232,270,243,0.0000233278698625883,673173.61704785,649313.700682834,674090.091583299,646253.283229158,0.0184233278698626,0.0184,2020.17757295628,2020.17759628415,5680000,Bruxelles,Bruxelles,1000,1083
233,271,272,0.00772999999999999,629873.169294199,668717.238227292,648201.019823909,706141.319762695,0.02966,0.02193,2020.18110295628,2020.18883295628,5680000,Namur,Liège,5060,4260
236,272,273,0.01634,648201.019823909,706141.319762695,648508.18080885,730987.117291135,0.046,0.02966,2020.18883295628,2020.20517295628,5680000,Liège,Liège,4260,4420
237,273,245,0.00247732786986259,648508.18080885,730987.117291135,636729.101780446,741383.691882189,0.0484773278698626,0.046,2020.20517295628,2020.20765028415,5680000,Liège,Liège,4420,4140
238,273,274,0.0079,648508.18080885,730987.117291135,646712.906697924,738376.642107959,0.0539,0.046,2020.20517295628,2020.21307295628,5680000,Liège,Liège,4420,4030
239,274,246,0.0000423278698625934,646712.906697924,738376.642107959,646214.394562496,738584.119899513,0.0539423278698626,0.0539,2020.21307295628,2020.21311528415,5680000,Liège,Liège,4030,4032
240,274,247,0.0000423278698625934,646712.906697924,738376.642107959,624572.058607972,608610.177522419,0.0539423278698626,0.0539,2020.21307295628,2020.21311528415,5680000,Liège,Hainaut,4030,7300
241,275,279,0.0164,648805.775042858,710743.897488128,649529.598384329,719335.049502451,0.05697,0.04057,2020.19974295628,2020.21614295628,5680000,Liège,Liège,4317,4357
242,275,276,0.01909,648805.775042858,710743.897488128,645867.400644904,740365.573631219,0.05966,0.04057,2020.19974295628,2020.21883295628,5680000,Liège,Liège,4317,4610
243,276,277,0.00244,645867.400644904,740365.573631219,645307.744578924,735930.627827601,0.0621,0.05966,2020.21883295628,2020.22127295628,5680000,Liège,Liège,4610,4031
245,277,278,0.00545999999999999,645307.744578924,735930.627827601,629036.632045082,623986.899905095,0.06756,0.0621,2020.22127295628,2020.22673295628,5680000,Liège,Hainaut,4031,7034
246,277,249,0.0000393278698625904,645307.744578924,735930.627827601,645270.614728,735350.046703848,0.0621393278698626,0.0621,2020.22127295628,2020.22131228415,5680000,Liège,Liège,4031,4000
248,278,251,0.0000433278698625944,629036.632045082,623986.899905095,626098.094044828,608465.363657807,0.0676033278698626,0.06756,2020.22673295628,2020.22677628415,5680000,Hainaut,Hainaut,7034,7300
249,279,280,0.01635,649529.598384329,719335.049502451,641967.527425097,654993.747373177,0.07332,0.05697,2020.21614295628,2020.23249295628,5680000,Liège,BrabantWallon,4357,1471
251,280,281,0.00244,641967.527425097,654993.747373177,645307.744578924,735930.627827601,0.07576,0.07332,2020.23249295628,2020.23493295628,5680000,BrabantWallon,Liège,1471,4031
252,280,282,0.00545999999999999,641967.527425097,654993.747373177,629036.632045082,623986.899905095,0.07878,0.07332,2020.23249295628,2020.23795295628,5680000,BrabantWallon,Hainaut,1471,7034
253,281,252,0.0000403278698625914,645307.744578924,735930.627827601,618830.926421162,656326.000465578,0.0758003278698626,0.07576,2020.23493295628,2020.23497328415,5680000,Liège,Hainaut,4031,6001
255,282,256,0.00248432786986259,629036.632045082,623986.899905095,709028.714898039,583723.121456066,0.0812643278698626,0.07878,2020.23795295628,2020.24043728415,5680000,Hainaut,Oost-Vlaanderen,7034,9990
256,282,283,0.00244,629036.632045082,623986.899905095,645307.744578924,735930.627827601,0.08122,0.07878,2020.23795295628,2020.24039295628,5680000,Hainaut,Liège,7034,4031
257,283,254,0.0000443278698625954,645307.744578924,735930.627827601,627462.927836731,622915.775901243,0.0812643278698626,0.08122,2020.24039295628,2020.24043728415,5680000,Liège,Hainaut,4031,7000
258,283,255,0.0000443278698625954,645307.744578924,735930.627827601,619747.428772907,619357.568886858,0.0812643278698626,0.08122,2020.24039295628,2020.24043728415,5680000,Liège,Hainaut,4031,7040
259,284,285,0.00511,649393.750087456,702115.319357534,644203.048471685,699511.615406704,0.07066,0.06555,2020.22472295628,2020.22983295628,5680000,Liège,Liège,4280,4280
262,285,258,0.0133373278698626,644203.048471685,699511.615406704,642473.198096258,698912.020093437,0.0839973278698626,0.07066,2020.22983295628,2020.24317028415,5680000,Liège,Liège,4280,4210
263,286,287,0.0082,638174.95732998,624055.947012455,623921.001649891,740063.977105152,0.08426,0.07606,2020.23523295628,2020.24343295628,5680000,Hainaut,Liège,7063,4190
264,286,288,0.00244,638174.95732998,624055.947012455,645307.744578924,735930.627827601,0.0785,0.07606,2020.23523295628,2020.23767295628,5680000,Hainaut,Liège,7063,4031
267,288,261,0.0000323278698625973,645307.744578924,735930.627827601,636108.54020965,625206.160550939,0.0785323278698626,0.0785,2020.23767295628,2020.23770528415,5680000,Liège,Hainaut,4031,7061
269,289,264,0.0158833278698626,635390.145985654,611643.030932041,654434.1791413,613350.324733853,0.116783327869863,0.1009,2020.26007295628,2020.27595628415,5680000,Hainaut,Hainaut,7050,7860
271,290,262,0.0000273278698625923,639479.691313812,730759.075068242,639644.588025019,730805.072095901,0.108587327869863,0.10856,2020.26773295628,2020.26776028415,5680000,Liège,Liège,4100,4100
272,290,263,0.0000273278698625923,639479.691313812,730759.075068242,645867.745438738,733499.383157468,0.108587327869863,0.10856,2020.26773295628,2020.26776028415,5680000,Liège,Liège,4100,4000
273,295,291,0.002479,645085.392052997,736291.737774171,652246.657914525,727210.553996886,0.002479,0,2020.21883247541,2020.22131147541,5680000,Liège,Liège,4031,4340
274,295,296,0.00244,645085.392052997,736291.737774171,644797.412127645,736070.881852232,0.00244,0,2020.21883247541,2020.22127247541,5680000,Liège,Liège,4031,4031
275,296,292,0.0000394808701596073,644797.412127645,736070.881852232,645270.614728,735350.046703848,0.00247948087015961,0.00244,2020.22127247541,2020.22131195628,5680000,Liège,Liège,4031,4000
277,297,293,0.0000434808701596061,628241.735947266,621993.738494698,628435.170160801,622065.977038471,0.00794348087015961,0.0079,2020.22673247541,2020.22677595628,5680000,Hainaut,Hainaut,7000,7000
278,297,294,0.0000434808701596061,628241.735947266,621993.738494698,626098.094044828,608465.363657807,0.00794348087015961,0.0079,2020.22673247541,2020.22677595628,5680000,Hainaut,Hainaut,7000,7300
279,303,304,0.00244,633468.805158828,652147.312075834,633591.417865861,652047.345597614,0.00244,0,2020.2324926776,2020.2349326776,5680000,Hainaut,Hainaut,6238,6238
280,303,305,0.00546,633468.805158828,652147.312075834,624799.79574326,621354.660878844,0.00546,0,2020.2324926776,2020.2379526776,5680000,Hainaut,Hainaut,6238,7022
281,304,298,0.0000400000000000001,633591.417865861,652047.345597614,618830.926421162,656326.000465578,0.00248,0.00244,2020.2349326776,2020.2349726776,5680000,Hainaut,Hainaut,6238,6001
282,304,299,0.0000404808701596048,633591.417865861,652047.345597614,633555.915783879,652111.216882986,0.0024804808701596,0.00244,2020.2349326776,2020.23497315847,5680000,Hainaut,Hainaut,6238,6238
283,305,302,0.0024844808701596,624799.79574326,621354.660878844,709028.714898039,583723.121456066,0.0079444808701596,0.00546,2020.2379526776,2020.24043715847,5680000,Hainaut,Oost-Vlaanderen,7022,9990
284,305,306,0.00244,624799.79574326,621354.660878844,633591.417865861,652047.345597614,0.0079,0.00546,2020.2379526776,2020.2403926776,5680000,Hainaut,Hainaut,7022,6238
285,306,300,0.0000444808701596053,633591.417865861,652047.345597614,627462.927836731,622915.775901243,0.0079444808701596,0.0079,2020.2403926776,2020.24043715847,5680000,Hainaut,Hainaut,6238,7000
286,306,301,0.0000444808701596053,633591.417865861,652047.345597614,619747.428772907,619357.568886858,0.0079444808701596,0.0079,2020.2403926776,2020.24043715847,5680000,Hainaut,Hainaut,6238,7040
288,310,311,0.02217,627712.367545752,651335.115927318,627275.44410265,650971.68104932,0.02217,0,2020.12962262842,2020.15179262842,5680000,Hainaut,Hainaut,6180,6180
289,311,308,0.014874,627275.44410265,650971.68104932,633963.066755335,702961.284576058,0.037044,0.02217,2020.15179262842,2020.16666662842,5680000,Hainaut,Liège,6180,4218
290,311,309,0.017606,627275.44410265,650971.68104932,674870.370933524,677994.989763731,0.039776,0.02217,2020.15179262842,2020.16939862842,5680000,Hainaut,VlaamsBrabant,6180,3010
291,315,312,0.064339,645736.8742689,734367.431231502,650085.180601866,738480.072375427,0.064339,0,2020.15697247541,2020.22131147541,28400000,Liège,Liège,4000,4000
292,315,316,0.04246,645736.8742689,734367.431231502,645545.347748287,734123.62370519,0.04246,0,2020.15697247541,2020.19943247541,28400000,Liège,Liège,4000,4000
293,316,313,0.0464691639300428,645545.347748287,734123.62370519,645384.920463992,733976.126428493,0.0889291639300428,0.04246,2020.19943247541,2020.24590163934,28400000,Liège,Liège,4000,4000
294,316,314,0.0000211639300427488,645545.347748287,734123.62370519,646083.149962156,782859.431557475,0.0424811639300427,0.04246,2020.19943247541,2020.19945363934,28400000,Liège,Liège,4000,4700
297,330,317,0.0000229999999999952,656805.708581067,746700.955529325,657257.753707669,746960.462294902,0.00522300000000001,0.00520000000000001,2020.17757262842,2020.17759562842,5680000,Liège,Liège,4607,4607
298,330,331,0.0013,656805.708581067,746700.955529325,630376.439707476,754490.699202182,0.00650000000000001,0.00520000000000001,2020.17757262842,2020.17887262842,5680000,Liège,Liège,4607,4900
299,331,332,0.080126,630376.439707476,754490.699202182,630421.13721331,752928.840133389,0.086626,0.00650000000000001,2020.17887262842,2020.25899862842,5680000,Liège,Liège,4900,4900
300,331,318,0.0806898688498722,630376.439707476,754490.699202182,631011.393570992,766477.155471894,0.0871898688498722,0.00650000000000001,2020.17887262842,2020.25956249727,5680000,Liège,Liège,4900,4970
302,332,319,0.00602886884987217,630421.13721331,752928.840133389,629314.119689862,757330.333695071,0.0926548688498722,0.086626,2020.25899862842,2020.26502749727,5680000,Liège,Liège,4900,4900
303,333,321,0.0983908688498722,630421.801564933,753117.833408163,646791.610276589,754182.458649695,0.185550868849872,0.08716,2020.25953262842,2020.35792349727,5680000,Liège,Liège,4900,4800
306,334,335,0.02248,643022.121731048,773323.903318098,641881.356025653,774729.588611497,0.02736,0.00488,2020.17725262842,2020.19973262842,5680000,Liège,Liège,4837,4700
308,335,336,0.00242999999999999,641881.356025653,774729.588611497,642127.480044005,774152.682781753,0.02979,0.02736,2020.19973262842,2020.20216262842,5680000,Liège,Liège,4700,4700
309,336,324,0.0000228688498721819,642127.480044005,774152.682781753,621017.35149929,766723.631321323,0.0298128688498722,0.02979,2020.20216262842,2020.20218549727,5680000,Liège,Liège,4700,4960
310,336,337,0.00850000000000001,642127.480044005,774152.682781753,643786.784911467,772755.540413232,0.03829,0.02979,2020.20216262842,2020.21066262842,5680000,Liège,Liège,4700,4837
312,337,338,0.01092,643786.784911467,772755.540413232,643645.239732326,772740.22852351,0.04921,0.03829,2020.21066262842,2020.22158262842,5680000,Liège,Liège,4837,4837
313,338,328,0.00792486884987215,643645.239732326,772740.22852351,639337.966334947,706621.867584774,0.0571348688498722,0.04921,2020.22158262842,2020.22950749727,5680000,Liège,Liège,4837,4520
314,338,339,0.00244,643645.239732326,772740.22852351,644730.276906901,776216.032166018,0.05165,0.04921,2020.22158262842,2020.22402262842,5680000,Liège,Liège,4837,4700
315,339,326,0.0000208688498721521,644730.276906901,776216.032166018,644715.54359282,776101.129164684,0.0516708688498722,0.05165,2020.22402262842,2020.22404349727,5680000,Liège,Liège,4700,4700
317,343,340,0.021973,645612.211414515,761354.365688882,645486.227220323,760993.937910301,0.021973,0,2020.20480295628,2020.22677595628,5680000,Liège,Liège,4830,4830
318,343,344,0.04109,645612.211414515,761354.365688882,648709.313950732,732762.105094444,0.04109,0,2020.20480295628,2020.24589295628,5680000,Liège,Liège,4830,4000
319,344,341,0.0136698852498341,648709.313950732,732762.105094444,656667.605448212,752772.558341228,0.0547598852498341,0.04109,2020.24589295628,2020.25956284153,5680000,Liège,Liège,4000,4880
320,344,342,0.00000888524983408412,648709.313950732,732762.105094444,648745.20589299,732790.681179748,0.0410988852498341,0.04109,2020.24589295628,2020.24590184153,5680000,Liège,Liège,4000,4000
323,351,346,0.0573957431699605,652361.013546901,739921.236903733,642316.70491857,727010.084487261,0.0577887431699605,0.000393000000000004,2020.20763227322,2020.26502801639,5680000,Liège,Liège,4040,4400
324,351,352,0.03825,652361.013546901,739921.236903733,652733.272586661,740631.370336519,0.038643,0.000393000000000004,2020.20763227322,2020.24588227322,5680000,Liège,Liège,4040,4020
325,352,347,0.0000197431699605205,652733.272586661,740631.370336519,652737.33884595,740635.473382521,0.0386627431699605,0.038643,2020.24588227322,2020.24590201639,5680000,Liège,Liège,4020,4020
326,352,353,0.04918,652733.272586661,740631.370336519,646757.118853459,736032.498243331,0.087823,0.038643,2020.24588227322,2020.29506227322,5680000,Liège,Liège,4020,4020
327,353,348,0.0000197431699605205,646757.118853459,736032.498243331,646736.589716631,736018.969273173,0.0878427431699605,0.087823,2020.29506227322,2020.29508201639,5680000,Liège,Liège,4020,4020
329,358,354,0.006983,656492.564619288,731369.297065406,659864.039982893,764971.927018376,0.006983,0,2020.21979295628,2020.22677595628,5680000,Liège,Liège,4450,4851
330,358,359,0.022954,656492.564619288,731369.297065406,657621.434321204,732451.361434213,0.022954,0,2020.21979295628,2020.24274695628,5680000,Liège,Liège,4450,4450
331,359,355,0.000422442629805578,657621.434321204,732451.361434213,643948.051226703,715744.717991809,0.0233764426298056,0.022954,2020.24274695628,2020.24316939891,5680000,Liège,Liège,4450,4537
333,360,356,0.0000164426298055777,656445.886161231,730950.471043439,620075.939188472,788286.597419253,0.0233764426298056,0.02336,2020.24315295628,2020.24316939891,5680000,Liège,Liège,4432,4760
334,360,357,0.0000164426298055777,656445.886161231,730950.471043439,656495.13734795,730997.282931074,0.0233764426298056,0.02336,2020.24315295628,2020.24316939891,5680000,Liège,Liège,4432,4432
335,383,361,0.084772,641359.250863709,733523.805664561,635996.306764513,733681.669609044,0.084772,0,2020.17752308197,2020.26229508197,5680000,Liège,Liège,4031,4130
336,383,384,0.000109999999999999,641359.250863709,733523.805664561,641364.002225061,733522.142150288,0.000109999999999999,0,2020.17752308197,2020.17763308197,5680000,Liège,Liège,4031,4031
337,384,385,0.00162000000000001,641364.002225061,733522.142150288,640964.113574851,733673.952139391,0.00173000000000001,0.000109999999999999,2020.17763308197,2020.17925308197,5680000,Liège,Liège,4031,4031
338,384,362,0.0846621748600159,641364.002225061,733522.142150288,648107.425751257,739070.346485392,0.0847721748600159,0.000109999999999999,2020.17763308197,2020.26229525683,5680000,Liège,Liège,4031,4020
339,385,386,0.000269999999999992,640964.113574851,733673.952139391,641512.970647204,733804.038898558,0.002,0.00173000000000001,2020.17925308197,2020.17952308197,5680000,Liège,Liège,4031,4102
340,385,363,0.0420591748600159,640964.113574851,733673.952139391,626336.189480608,733713.338293188,0.0437891748600159,0.00173000000000001,2020.17925308197,2020.22131225683,5680000,Liège,Liège,4031,4180
342,386,364,0.0855051748600159,641512.970647204,733804.038898558,639568.482734367,733299.650128438,0.0875051748600159,0.002,2020.17952308197,2020.26502825683,5680000,Liège,Liège,4102,4100
343,387,388,0.00702999999999998,643602.341195544,733860.081707723,642968.721616532,733789.618392967,0.02426,0.01723,2020.19475308197,2020.20178308197,5680000,Liège,Liège,4102,4102
345,388,390,0.044082,642968.721616532,733789.618392967,653014.243709368,737844.183113373,0.068342,0.02426,2020.20178308197,2020.24586508197,5680000,Liège,Liège,4102,4040
346,388,389,0.00574000000000002,642968.721616532,733789.618392967,644726.074503458,733765.375205227,0.03,0.02426,2020.20178308197,2020.20752308197,5680000,Liège,Liège,4102,4000
347,389,365,0.0356471748600159,644726.074503458,733765.375205227,650542.658832768,730842.107351146,0.0656471748600159,0.03,2020.20752308197,2020.24317025683,5680000,Liège,Liège,4000,4430
348,389,366,0.00559217486001587,644726.074503458,733765.375205227,645128.848133672,734139.772461749,0.0355921748600159,0.03,2020.20752308197,2020.21311525683,5680000,Liège,Liège,4000,4000
350,390,391,0.00000799999999999412,653014.243709368,737844.183113373,653181.095105593,737864.110192909,0.06835,0.068342,2020.24586508197,2020.24587308197,5680000,Liège,Liège,4040,4040
351,391,367,0.0000291748600158709,653181.095105593,737864.110192909,646350.509798955,707171.270538886,0.0683791748600159,0.06835,2020.24587308197,2020.24590225683,5680000,Liège,Liège,4040,4261
352,391,368,0.0492091748600159,653181.095105593,737864.110192909,654472.072575386,737939.575800469,0.117559174860016,0.06835,2020.24587308197,2020.29508225683,5680000,Liège,Liège,4040,4040
355,393,394,0.017,654341.377714857,738575.713788853,654341.377714857,738575.713788853,0.13453,0.11753,2020.29505308197,2020.31205308197,5680000,Liège,Liège,4040,4040
356,393,370,0.0000291748600158709,654341.377714857,738575.713788853,653112.056497733,739287.075242271,0.117559174860016,0.11753,2020.29505308197,2020.29508225683,5680000,Liège,Liège,4040,4040
357,394,395,0.000980000000000009,654341.377714857,738575.713788853,654299.2255481,738472.234501002,0.13551,0.13453,2020.31205308197,2020.31303308197,5680000,Liège,Liège,4040,4040
358,394,371,0.0431381748600159,654341.377714857,738575.713788853,655327.756705589,738679.57333199,0.177668174860016,0.13453,2020.31205308197,2020.35519125683,5680000,Liège,Liège,4040,4680
359,395,396,0.000170000000000003,654299.2255481,738472.234501002,654246.431521205,738505.466149545,0.13568,0.13551,2020.31303308197,2020.31320308197,5680000,Liège,Liège,4040,4040
360,395,372,0.0421581748600159,654299.2255481,738472.234501002,636005.093094996,716738.982131019,0.177668174860016,0.13551,2020.31303308197,2020.35519125683,5680000,Liège,Liège,4040,4540
362,396,373,0.0365241748600159,654246.431521205,738505.466149545,656524.273563619,739289.258221061,0.172204174860016,0.13568,2020.31320308197,2020.34972725683,5680000,Liège,Liège,4040,4680
365,398,376,0.000031174860015859,648045.45173025,733763.257223866,648102.63927375,733806.547494919,0.0219311748600159,0.0219,2020.19942308197,2020.19945425683,5680000,Liège,Liège,4000,4000
366,398,399,0.01942,648045.45173025,733763.257223866,644110.345912437,733958.281185677,0.04132,0.0219,2020.19942308197,2020.21884308197,5680000,Liège,Liège,4000,4102
367,399,400,0.00244,644110.345912437,733958.281185677,644320.69191709,733981.233822713,0.04376,0.04132,2020.21884308197,2020.22128308197,5680000,Liège,Liège,4102,4102
368,399,401,0.02185,644110.345912437,733958.281185677,648287.511538676,732460.071087227,0.06317,0.04132,2020.21884308197,2020.24069308197,5680000,Liège,Liège,4102,4420
369,400,377,0.000029174860015857,644320.69191709,733981.233822713,644353.340233885,733904.26002,0.0437891748600159,0.04376,2020.22128308197,2020.22131225683,5680000,Liège,Liège,4102,4102
372,401,379,0.00247717486001588,648287.511538676,732460.071087227,652868.518496332,717843.65718892,0.0656471748600159,0.06317,2020.24069308197,2020.24317025683,5680000,Liège,Liège,4420,4350
373,402,382,0.00247517486001587,650472.448468587,732559.883018206,594045.934422865,687636.437277734,0.0875051748600159,0.08503,2020.26255308197,2020.26502825683,5680000,Liège,Namur,4430,5570
375,403,380,0.000035174860015863,644320.69191709,733981.233822713,653530.692990178,740018.944884928,0.0875051748600159,0.08747,2020.26499308197,2020.26502825683,5680000,Liège,Liège,4102,4040
376,403,381,0.000035174860015863,644320.69191709,733981.233822713,650539.004758384,732684.022187045,0.0875051748600159,0.08747,2020.26499308197,2020.26502825683,5680000,Liège,Liège,4102,4430
378,409,411,0.060243,643786.050920815,751743.268892076,644132.339421471,752232.003882506,0.060243,0,2020.1829093224,2020.2431523224,5680000,Liège,Liège,4861,4860
379,410,404,0.082075,643751.563273463,751580.22994582,642111.74585585,724436.455449499,0.082118,0.0000430000000000014,2020.1829523224,2020.2650273224,5680000,Liège,Liège,4861,4400
380,410,405,0.07661,643751.563273463,751580.22994582,643912.135599101,753399.563675994,0.076653,0.0000430000000000014,2020.1829523224,2020.2595623224,5680000,Liège,Liège,4861,4800
382,411,412,0.00273,644132.339421471,752232.003882506,646816.046165907,727555.09605032,0.062973,0.060243,2020.2431523224,2020.2458823224,5680000,Liège,Liège,4860,4400
383,412,407,0.016412,646816.046165907,727555.09605032,646666.074549348,739514.571832072,0.079385,0.062973,2020.2458823224,2020.2622943224,5680000,Liège,Liège,4400,4030
384,412,408,0.0000190000000000051,646816.046165907,727555.09605032,646817.254383617,727507.461826635,0.062992,0.062973,2020.2458823224,2020.2459013224,5680000,Liège,Liège,4400,4400
386,428,433,0.000564000000000009,682165.521189134,683512.667547078,680949.661563331,682184.60819005,0.000564000000000009,0,2020.10513839891,2020.10570239891,5680000,VlaamsBrabant,VlaamsBrabant,3221,3221
387,429,413,0.137467,680949.661563331,682184.60819005,701542.407245275,597812.431344649,0.138031,0.000564000000000009,2020.10570239891,2020.24316939891,5680000,VlaamsBrabant,Oost-Vlaanderen,3221,9920
389,430,414,0.063144,677913.080019471,673944.35072896,663465.478735325,664238.738935144,0.099779,0.036635,2020.14177339891,2020.20491739891,5680000,VlaamsBrabant,VlaamsBrabant,3012,3090
391,431,415,0.035793,678685.018433681,675658.164667498,659674.240398067,595733.136710995,0.072457,0.036664,2020.14180239891,2020.17759539891,5680000,VlaamsBrabant,Oost-Vlaanderen,3220,9600
392,431,432,0.03577,678685.018433681,675658.164667498,677881.119860826,670752.748182672,0.072434,0.036664,2020.14180239891,2020.17757239891,5680000,VlaamsBrabant,VlaamsBrabant,3220,3020
393,432,416,0.00822000000000001,677881.119860826,670752.748182672,711251.401440588,733775.231448384,0.080654,0.072434,2020.17757239891,2020.18579239891,5680000,VlaamsBrabant,Limburg,3020,3950
394,432,417,0.0000229999999999952,677881.119860826,670752.748182672,677958.664060374,670797.48289223,0.072457,0.072434,2020.17757239891,2020.17759539891,5680000,VlaamsBrabant,VlaamsBrabant,3020,3020
396,433,434,0.04898,680949.661563331,682184.60819005,681510.614032506,684598.317596608,0.049544,0.000564000000000009,2020.10570239891,2020.15468239891,5680000,VlaamsBrabant,VlaamsBrabant,3221,3390
397,434,419,0.085754,681510.614032506,684598.317596608,709152.144213282,738872.472328567,0.135298,0.049544,2020.15468239891,2020.24043639891,5680000,VlaamsBrabant,Limburg,3390,3950
398,434,435,0.00244,681510.614032506,684598.317596608,680531.824063814,683000.735519763,0.051984,0.049544,2020.15468239891,2020.15712239891,5680000,VlaamsBrabant,VlaamsBrabant,3390,3221
399,435,420,0.006812,680531.824063814,683000.735519763,672237.429704783,648851.615239692,0.058796,0.051984,2020.15712239891,2020.16393439891,5680000,VlaamsBrabant,Bruxelles,3221,1000
400,435,436,0.00236,680531.824063814,683000.735519763,677812.482504645,676339.583478187,0.054344,0.051984,2020.15712239891,2020.15948239891,5680000,VlaamsBrabant,VlaamsBrabant,3221,3220
401,436,437,0.00237,677812.482504645,676339.583478187,674755.377483695,674697.611281184,0.056714,0.054344,2020.15948239891,2020.16185239891,5680000,VlaamsBrabant,VlaamsBrabant,3220,3010
402,436,421,0.015381,677812.482504645,676339.583478187,707097.313829951,738469.238111211,0.069725,0.054344,2020.15948239891,2020.17486339891,5680000,VlaamsBrabant,Limburg,3220,3960
403,437,422,0.004814,674755.377483695,674697.611281184,674049.148912174,675590.685646309,0.061528,0.056714,2020.16185239891,2020.16666639891,5680000,VlaamsBrabant,VlaamsBrabant,3010,3010
404,437,438,0.00243,674755.377483695,674697.611281184,675114.278875671,670726.583784261,0.059144,0.056714,2020.16185239891,2020.16428239891,5680000,VlaamsBrabant,VlaamsBrabant,3010,3020
405,438,423,0.010581,675114.278875671,670726.583784261,715198.573183926,728524.152329409,0.069725,0.059144,2020.16428239891,2020.17486339891,5680000,VlaamsBrabant,Limburg,3020,3910
406,438,439,0.00236,675114.278875671,670726.583784261,677812.482504645,676339.583478187,0.061504,0.059144,2020.16428239891,2020.16664239891,5680000,VlaamsBrabant,VlaamsBrabant,3020,3220
407,439,424,0.0000239999999999962,677812.482504645,676339.583478187,677340.444318793,675770.144787631,0.061528,0.061504,2020.16664239891,2020.16666639891,5680000,VlaamsBrabant,VlaamsBrabant,3220,3010
408,439,440,0.0223,677812.482504645,676339.583478187,686734.273246946,697463.533217919,0.083804,0.061504,2020.16664239891,2020.18894239891,5680000,VlaamsBrabant,VlaamsBrabant,3220,3290
409,440,441,0.04601,686734.273246946,697463.533217919,704897.445544426,747351.051805089,0.129814,0.083804,2020.18894239891,2020.23495239891,5680000,VlaamsBrabant,Limburg,3290,3640
410,440,425,0.048762,686734.273246946,697463.533217919,685405.742414438,697273.410598799,0.132566,0.083804,2020.18894239891,2020.23770439891,5680000,VlaamsBrabant,VlaamsBrabant,3290,3293
412,441,427,0.0000199999999999922,704897.445544426,747351.051805089,672859.833220401,736156.794017164,0.129834,0.129814,2020.23495239891,2020.23497239891,5680000,Limburg,Limburg,3640,3740
413,445,442,0.042244,710302.534789987,667189.769616142,710135.605498291,666833.798610213,0.042244,0,2020.19819315847,2020.24043715847,5680000,Antwerpen,Antwerpen,2520,2520
414,445,446,0.000890000000000002,710302.534789987,667189.769616142,709698.778051182,666410.715836217,0.000890000000000002,0,2020.19819315847,2020.19908315847,5680000,Antwerpen,Antwerpen,2520,2520
415,446,443,0.0413532404398546,709698.778051182,666410.715836217,697996.749488315,715084.408491684,0.0422432404398546,0.000890000000000002,2020.19908315847,2020.24043639891,5680000,Antwerpen,Limburg,2520,3582
416,446,444,0.0440862404398546,709698.778051182,666410.715836217,724517.22857162,682071.179680302,0.0449762404398546,0.000890000000000002,2020.19908315847,2020.24316939891,5680000,Antwerpen,Antwerpen,2520,2340
417,454,447,0.042397,698025.17572628,697311.432832177,696456.198080405,698639.750252063,0.042397,0,2020.20077239891,2020.24316939891,28400000,Antwerpen,Limburg,2430,3980
418,454,455,0.000329999999999997,698025.17572628,697311.432832177,697108.495485976,702119.214474033,0.000329999999999997,0,2020.20077239891,2020.20110239891,28400000,Antwerpen,Limburg,2430,3945
419,455,448,0.042067,697108.495485976,702119.214474033,683662.146904377,683947.419240605,0.042397,0.000329999999999997,2020.20110239891,2020.24316939891,28400000,Limburg,VlaamsBrabant,3945,3200
420,455,456,0.02322,697108.495485976,702119.214474033,692023.131887858,603573.181533085,0.02355,0.000329999999999997,2020.20110239891,2020.22432239891,28400000,Limburg,Oost-Vlaanderen,3945,9000
421,456,449,0.018847,692023.131887858,603573.181533085,691487.668209221,607994.91165642,0.042397,0.02355,2020.22432239891,2020.24316939891,28400000,Oost-Vlaanderen,Oost-Vlaanderen,9000,9050
423,457,458,0.00849,692630.664678331,602299.050063322,691832.936583473,600921.639571733,0.03447,0.02598,2020.22675239891,2020.23524239891,28400000,Oost-Vlaanderen,Oost-Vlaanderen,9000,9031
424,457,450,0.0000229999999999918,692630.664678331,602299.050063322,692663.985368161,602073.133064177,0.026003,0.02598,2020.22675239891,2020.22677539891,28400000,Oost-Vlaanderen,Oost-Vlaanderen,9000,9000
425,458,453,0.007927,691832.936583473,600921.639571733,652820.332059001,625092.478132132,0.042397,0.03447,2020.23524239891,2020.24316939891,28400000,Oost-Vlaanderen,Hainaut,9031,7850
426,458,459,0.00244,691832.936583473,600921.639571733,690962.105611063,610830.030046117,0.03691,0.03447,2020.23524239891,2020.23768239891,28400000,Oost-Vlaanderen,Oost-Vlaanderen,9031,9070
427,459,451,0.0000219999999999942,690962.105611063,610830.030046117,677282.685004142,656310.62904865,0.036932,0.03691,2020.23768239891,2020.23770439891,28400000,Oost-Vlaanderen,VlaamsBrabant,9070,1830
429,475,460,0.06317,673960.866684452,677371.831916697,692945.255612476,706836.77271561,0.06317,0,2020.16360595628,2020.22677595628,5680000,VlaamsBrabant,Limburg,3010,3583
431,476,479,0.023478,673689.475534675,677465.324620279,671554.714546131,677888.060173002,0.023827,0.000348999999999988,2020.16395495628,2020.18743295628,5680000,VlaamsBrabant,VlaamsBrabant,3010,3360
432,476,477,0.0000280000000000002,673689.475534675,677465.324620279,673745.470006167,677476.113252089,0.000376999999999988,0.000348999999999988,2020.16395495628,2020.16398295628,5680000,VlaamsBrabant,VlaamsBrabant,3010,3010
433,477,461,0.0791865792399178,673745.470006167,677476.113252089,664873.429676401,687757.756780568,0.0795635792399177,0.000376999999999988,2020.16398295628,2020.24316953552,5680000,VlaamsBrabant,VlaamsBrabant,3010,3300
437,479,464,0.0420745792399178,671554.714546131,677888.060173002,665395.434728807,666531.370769698,0.0659015792399178,0.023827,2020.18743295628,2020.22950753552,5680000,VlaamsBrabant,VlaamsBrabant,3360,3040
438,479,480,0.00343000000000002,671554.714546131,677888.060173002,671661.433595063,680217.326159232,0.027257,0.023827,2020.18743295628,2020.19086295628,5680000,VlaamsBrabant,VlaamsBrabant,3360,3360
440,480,481,0.043558,671661.433595063,680217.326159232,683354.576673902,741261.029058941,0.070815,0.027257,2020.19086295628,2020.23442095628,5680000,VlaamsBrabant,Limburg,3360,3630
441,481,465,0.0306065792399177,683354.576673902,741261.029058941,638529.118285391,734954.947753286,0.101421579239918,0.070815,2020.23442095628,2020.26502753552,5680000,Limburg,Liège,3630,4130
442,481,482,0.000532000000000005,683354.576673902,741261.029058941,683392.227436717,741216.625475175,0.071347,0.070815,2020.23442095628,2020.23495295628,5680000,Limburg,Limburg,3630,3630
445,483,468,0.0410085792399178,670954.906655795,677383.948837525,673550.112533237,673925.256808772,0.0822955792399177,0.041287,2020.20489295628,2020.24590153552,5680000,VlaamsBrabant,VlaamsBrabant,3360,3000
446,483,484,0.00820000000000001,670954.906655795,677383.948837525,685622.957111017,692012.267371674,0.049487,0.041287,2020.20489295628,2020.21309295628,5680000,VlaamsBrabant,VlaamsBrabant,3360,3270
447,484,485,0.01122,685622.957111017,692012.267371674,674613.096728557,713098.369444974,0.060707,0.049487,2020.21309295628,2020.22431295628,5680000,VlaamsBrabant,Limburg,3270,3570
448,484,469,0.0000215792399177461,685622.957111017,692012.267371674,685587.890600516,691937.101705857,0.0495085792399177,0.049487,2020.21309295628,2020.21311453552,5680000,VlaamsBrabant,VlaamsBrabant,3270,3270
449,485,486,0.00244,674613.096728557,713098.369444974,675584.225506289,707928.536976854,0.063147,0.060707,2020.22431295628,2020.22675295628,5680000,Limburg,Limburg,3570,3850
450,485,487,0.00516999999999999,674613.096728557,713098.369444974,669816.833234485,712988.42303968,0.065877,0.060707,2020.22431295628,2020.22948295628,5680000,Limburg,Limburg,3570,3800
451,486,470,0.0000225792399177471,675584.225506289,707928.536976854,672297.946764224,699456.307598465,0.0631695792399177,0.063147,2020.22675295628,2020.22677553552,5680000,Limburg,VlaamsBrabant,3850,3440
452,486,471,0.0000225792399177471,675584.225506289,707928.536976854,675330.078510923,707908.251721243,0.0631695792399177,0.063147,2020.22675295628,2020.22677553552,5680000,Limburg,Limburg,3850,3850
453,487,472,0.0000245792399177491,669816.833234485,712988.42303968,670332.212369075,713175.864401236,0.0659015792399177,0.065877,2020.22948295628,2020.22950753552,5680000,Limburg,Limburg,3800,3800
455,488,474,0.0000235792399177481,678929.477474804,674043.02046919,678816.555943034,674048.288084577,0.0768305792399177,0.076807,2020.24041295628,2020.24043653552,5680000,VlaamsBrabant,VlaamsBrabant,3012,3012
456,488,473,0.0246145792399177,678929.477474804,674043.02046919,680690.094407049,712383.610202482,0.101421579239918,0.076807,2020.24041295628,2020.26502753552,5680000,VlaamsBrabant,Limburg,3012,3510
457,507,508,0.00541999999999999,671820.680600794,675275.541848717,662658.328413073,672536.448067838,0.00541999999999999,0,2020.15620287978,2020.16162287978,5680000,VlaamsBrabant,BrabantWallon,3000,1390
458,507,514,0.00233999999999999,671820.680600794,675275.541848717,669047.854866851,685796.125163545,0.00233999999999999,0,2020.15620287978,2020.15854287978,5680000,VlaamsBrabant,VlaamsBrabant,3000,3300
459,508,512,0.0000200000000000061,662658.328413073,672536.448067838,662648.09307092,672372.164838295,0.00544,0.00541999999999999,2020.16162287978,2020.16164287978,5680000,BrabantWallon,BrabantWallon,1390,1390
460,508,509,0.02128,662658.328413073,672536.448067838,667629.534126704,672550.678913364,0.0267,0.00541999999999999,2020.16162287978,2020.18290287978,5680000,BrabantWallon,VlaamsBrabant,1390,3054
461,509,510,0.04398,667629.534126704,672550.678913364,673246.910263959,679686.257955932,0.07068,0.0267,2020.18290287978,2020.22688287978,5680000,VlaamsBrabant,VlaamsBrabant,3054,3212
464,510,490,0.016287,673246.910263959,679686.257955932,674223.124932669,675178.649483298,0.086967,0.07068,2020.22688287978,2020.24316987978,5680000,VlaamsBrabant,VlaamsBrabant,3212,3010
465,511,491,0.058708,665968.410691827,668173.539283111,696859.198987599,560074.436261002,0.086967,0.028259,2020.18446187978,2020.24316987978,5680000,VlaamsBrabant,West-Vlaanderen,3040,8820
466,511,492,0.064172,665968.410691827,668173.539283111,671723.202423013,575565.669120848,0.092431,0.028259,2020.18446187978,2020.24863387978,5680000,VlaamsBrabant,West-Vlaanderen,3040,8530
468,512,513,0.01593,662648.09307092,672372.164838295,654550.965687403,661720.098137455,0.02137,0.00544,2020.16164287978,2020.17757287978,5680000,BrabantWallon,BrabantWallon,1390,1330
469,513,494,0.0000229999999999675,654550.965687403,661720.098137455,655337.056093603,661503.636912564,0.021393,0.02137,2020.17757287978,2020.17759587978,5680000,BrabantWallon,BrabantWallon,1330,1330
470,513,495,0.0000229999999999675,654550.965687403,661720.098137455,679336.874000517,577776.81527814,0.021393,0.02137,2020.17757287978,2020.17759587978,5680000,BrabantWallon,West-Vlaanderen,1330,8780
471,514,520,0.002099,669047.854866851,685796.125163545,671329.475391396,681507.245959416,0.004439,0.00233999999999999,2020.15854287978,2020.16064187978,5680000,VlaamsBrabant,VlaamsBrabant,3300,3370
472,514,515,0.005623,669047.854866851,685796.125163545,672796.545940501,678224.376322295,0.007963,0.00233999999999999,2020.15854287978,2020.16416587978,5680000,VlaamsBrabant,VlaamsBrabant,3300,3360
476,516,517,0.00244,672912.16276699,684015.302718917,672552.981156721,673053.289772985,0.01863,0.01619,2020.17239287978,2020.17483287978,5680000,VlaamsBrabant,VlaamsBrabant,3370,3001
479,518,501,0.00246799999999997,674214.637698759,681085.10308528,712007.725433224,652363.633883721,0.015928,0.01346,2020.16966287978,2020.17213087978,5680000,VlaamsBrabant,Antwerpen,3210,2000
480,518,519,0.00244,674214.637698759,681085.10308528,672552.981156721,673053.289772985,0.0159,0.01346,2020.16966287978,2020.17210287978,5680000,VlaamsBrabant,VlaamsBrabant,3210,3001
481,519,499,0.0000279999999999725,672552.981156721,673053.289772985,674402.645792525,683965.72453822,0.015928,0.0159,2020.17210287978,2020.17213087978,5680000,VlaamsBrabant,VlaamsBrabant,3001,3210
482,519,500,0.0000279999999999725,672552.981156721,673053.289772985,671307.97389137,649225.626901861,0.015928,0.0159,2020.17210287978,2020.17213087978,5680000,VlaamsBrabant,Bruxelles,3001,1000
484,520,522,0.009021,671329.475391396,681507.245959416,671432.914386347,686153.353855978,0.01346,0.004439,2020.16064187978,2020.16966287978,5680000,VlaamsBrabant,VlaamsBrabant,3370,3370
485,521,503,0.0000339999999999785,678075.407807668,675797.40291086,677776.11904781,677208.712792136,0.010464,0.01043,2020.16663287978,2020.16666687978,5680000,VlaamsBrabant,VlaamsBrabant,3220,3220
486,521,502,0.0000339999999999785,678075.407807668,675797.40291086,678550.771589925,678039.439554745,0.010464,0.01043,2020.16663287978,2020.16666687978,5680000,VlaamsBrabant,VlaamsBrabant,3220,3220
487,522,506,0.00520099999999997,671432.914386347,686153.353855978,666161.169674297,563833.099373074,0.018661,0.01346,2020.16966287978,2020.17486387978,5680000,VlaamsBrabant,West-Vlaanderen,3370,8560
488,522,523,0.00244,671432.914386347,686153.353855978,672552.981156721,673053.289772985,0.0159,0.01346,2020.16966287978,2020.17210287978,5680000,VlaamsBrabant,VlaamsBrabant,3370,3001
490,523,504,0.0000279999999999725,672552.981156721,673053.289772985,688354.186052489,664271.582748244,0.015928,0.0159,2020.17210287978,2020.17213087978,5680000,VlaamsBrabant,Antwerpen,3001,2820
492,530,531,0.00516999999999999,666052.444773615,681201.021037632,666309.432640177,681169.750569517,0.00516999999999999,0,2020.22432295628,2020.22949295628,5680000,VlaamsBrabant,VlaamsBrabant,3360,3360
493,531,525,0.0000145792399177391,666309.432640177,681169.750569517,688590.870763747,707430.466092694,0.00518457923991773,0.00516999999999999,2020.22949295628,2020.22950753552,5680000,VlaamsBrabant,Limburg,3360,3560
496,532,526,0.0000165792399177411,680288.392044868,680851.41301894,680306.232734784,680846.025079858,0.0188465792399177,0.01883,2020.24315295628,2020.24316953552,5680000,VlaamsBrabant,VlaamsBrabant,3220,3220
497,533,534,0.01913,621556.548321771,682230.838037893,685597.090107593,723245.250945929,0.04069,0.02156,2020.24588295628,2020.26501295628,5680000,Namur,Limburg,5170,3520
498,533,527,0.0000185792399177431,621556.548321771,682230.838037893,621679.314788925,682213.562829808,0.0215785792399177,0.02156,2020.24588295628,2020.24590153552,5680000,Namur,Namur,5170,5170
499,534,528,0.0000145792399177391,685597.090107593,723245.250945929,685536.311939326,723258.186533308,0.0407045792399177,0.04069,2020.26501295628,2020.26502753552,5680000,Limburg,Limburg,3520,3520
500,534,529,0.0819815792399177,685597.090107593,723245.250945929,729884.608097628,695957.974724877,0.122671579239918,0.04069,2020.26501295628,2020.34699453552,5680000,Limburg,Antwerpen,3520,2380
501,540,535,0.00086,647500.305043553,735712.961189642,647332.894833078,735704.695639837,0.00086,0,2020.20132579235,2020.20218579235,5680000,Liège,Liège,4020,4020
502,540,541,0.000293000000000002,647500.305043553,735712.961189642,647527.548274663,735165.15672126,0.000293000000000002,0,2020.20132579235,2020.20161879235,5680000,Liège,Liège,4020,4000
503,541,536,0.000567049179876843,647527.548274663,735165.15672126,647766.903135688,734913.249354646,0.000860049179876844,0.000293000000000002,2020.20161879235,2020.20218584153,5680000,Liège,Liège,4000,4000
504,541,542,0.000543999999999996,647527.548274663,735165.15672126,647672.263417289,734844.063066056,0.000836999999999997,0.000293000000000002,2020.20161879235,2020.20216279235,5680000,Liège,Liège,4000,4000
507,543,538,0.0000250491798768418,647085.091184958,735264.825796855,643752.427119752,738517.168412855,0.00359204917987684,0.003567,2020.20489279235,2020.20491784153,5680000,Liège,Liège,4000,4053
508,543,539,0.0546700491798768,647085.091184958,735264.825796855,649913.523027336,732828.600978045,0.0582370491798768,0.003567,2020.20489279235,2020.25956284153,5680000,Liège,Liège,4000,4430
509,548,544,0.042063,725238.473462422,565682.58318161,670735.620756515,540607.406813484,0.042063,0,2020.20930312022,2020.25136612022,5680000,NA,West-Vlaanderen,NA,8908
510,548,549,0.02019,725238.473462422,565682.58318161,724740.452286983,565187.782508397,0.02019,0,2020.20930312022,2020.22949312022,5680000,NA,NA,NA,8370
512,549,550,0.0082,724740.452286983,565187.782508397,667956.60091543,594312.889550771,0.02839,0.02019,2020.22949312022,2020.23769312022,5680000,NA,Oost-Vlaanderen,8370,9700
514,550,547,0.008209,667956.60091543,594312.889550771,635009.503655984,724497.688236032,0.036599,0.02839,2020.23769312022,2020.24590212022,5680000,Oost-Vlaanderen,Liège,9700,4550
516,559,561,0.000338000000000005,653608.51328871,737093.578879545,653624.086345268,737118.444446908,0.000338000000000005,0,2020.13901510929,2020.13935310929,5680000,Liège,Liège,4041,4041
518,560,552,0.0710452513700552,653274.470035445,737289.322787302,651044.150579737,740054.132644002,0.115083251370055,0.044038,2020.18305310929,2020.25409836066,5680000,Liège,Liège,4041,4020
520,561,563,0.03277,653624.086345268,737118.444446908,616489.629372673,650698.002333207,0.033108,0.000338000000000005,2020.13935310929,2020.17212310929,5680000,Liège,Hainaut,4041,6110
522,562,554,0.000010251370055156,644601.747475982,748301.350200976,644609.987120652,748321.670461298,0.0358482513700552,0.035838,2020.17485310929,2020.17486336066,5680000,Liège,Liège,4630,4630
524,563,564,0.00273,616489.629372673,650698.002333207,617008.789226446,651957.653227134,0.035838,0.033108,2020.17212310929,2020.17485310929,5680000,Hainaut,Hainaut,6110,6110
526,564,565,0.00273,617008.789226446,651957.653227134,617008.789226446,651957.653227134,0.038568,0.035838,2020.17485310929,2020.17758310929,5680000,Hainaut,Hainaut,6110,6110
527,565,557,0.000012251370055158,617008.789226446,651957.653227134,655010.755787554,762806.86975201,0.0385802513700551,0.038568,2020.17758310929,2020.17759536066,5680000,Hainaut,Liège,6110,4841
529,571,572,0.000229999999999994,725613.762980966,676292.433975991,725637.049666867,676276.904753512,0.000229999999999994,0,2020.17990299454,2020.18013299454,5680000,Antwerpen,Antwerpen,2310,2310
530,571,573,0.04959,725613.762980966,676292.433975991,705527.072476055,670773.450381957,0.04959,0,2020.17990299454,2020.22949299454,5680000,Antwerpen,Antwerpen,2310,2560
532,572,567,0.065768644799975,725637.049666867,676276.904753512,725220.47612821,661630.799342187,0.065998644799975,0.000229999999999994,2020.18013299454,2020.24590163934,5680000,Antwerpen,Antwerpen,2310,2930
533,573,568,0.000014644799975011,705527.072476055,670773.450381957,619268.144389093,663719.991707072,0.049604644799975,0.04959,2020.22949299454,2020.22950763934,5680000,Antwerpen,Hainaut,2560,6250
534,573,574,0.01093,705527.072476055,670773.450381957,705791.844225433,671145.924439679,0.06052,0.04959,2020.22949299454,2020.24042299454,5680000,Antwerpen,Antwerpen,2560,2560
535,574,569,0.00001364479997501,705791.844225433,671145.924439679,705794.380882685,671153.430006896,0.060533644799975,0.06052,2020.24042299454,2020.24043663934,5680000,Antwerpen,Antwerpen,2560,2560
536,574,570,0.00274664479997501,705791.844225433,671145.924439679,702452.827728692,667954.942566759,0.063266644799975,0.06052,2020.24042299454,2020.24316963934,5680000,Antwerpen,Antwerpen,2560,2560
537,579,580,0.000161999999999995,648051.487010767,751263.868774295,648045.672683588,751263.911103933,0.000161999999999995,0,2020.19729108197,2020.19745308197,5680000,Liège,Liège,4650,4650
538,579,581,0.026742,648051.487010767,751263.868774295,653766.791837554,654531.401476194,0.026742,0,2020.19729108197,2020.22403308197,5680000,Liège,BrabantWallon,4650,1380
539,580,575,0.064842,648045.672683588,751263.911103933,638839.13732636,737358.121272238,0.065004,0.000161999999999995,2020.19745308197,2020.26229508197,5680000,Liège,Liège,4650,4130
540,580,576,0.048449,648045.672683588,751263.911103933,648095.480354975,751189.117838704,0.048611,0.000161999999999995,2020.19745308197,2020.24590208197,5680000,Liège,Liège,4650,4650
541,581,577,0.0000109999999999971,653766.791837554,654531.401476194,653766.978241712,654531.150350743,0.026753,0.026742,2020.22403308197,2020.22404408197,5680000,BrabantWallon,BrabantWallon,1380,1380
542,581,578,0.0000109999999999971,653766.791837554,654531.401476194,656679.730805332,633763.770828808,0.026753,0.026742,2020.22403308197,2020.22404408197,5680000,BrabantWallon,BrabantWallon,1380,1480
543,588,582,0.018599,652516.796366264,735447.481203661,654254.397301449,737410.607864571,0.018599,0,2020.17812231148,2020.19672131148,5680000,Liège,Liège,4041,4040
544,588,589,0.04074,652516.796366264,735447.481203661,651717.258159411,734007.592857126,0.04074,0,2020.17812231148,2020.21886231148,5680000,Liège,Liège,4041,4000
545,589,590,0.00244,651717.258159411,734007.592857126,651773.395016143,734141.640915812,0.04318,0.04074,2020.21886231148,2020.22130231148,5680000,Liège,Liège,4000,4000
546,589,591,0.00244,651717.258159411,734007.592857126,651773.395016143,734141.640915812,0.04318,0.04074,2020.21886231148,2020.22130231148,5680000,Liège,Liège,4000,4000
547,590,583,0.00000953005003646173,651773.395016143,734141.640915812,639597.5345639,730155.996941926,0.0431895300500365,0.04318,2020.22130231148,2020.22131184153,5680000,Liège,Liège,4000,4100
549,591,585,0.00000953005003646173,651773.395016143,734141.640915812,649589.587357881,705962.666381435,0.0431895300500365,0.04318,2020.22130231148,2020.22131184153,5680000,Liège,Liège,4000,4250
550,591,592,0.02186,651773.395016143,734141.640915812,630877.834505753,732402.900750002,0.06504,0.04318,2020.22130231148,2020.24316231148,5680000,Liège,Liège,4000,4160
551,592,586,0.0000075300500364528,630877.834505753,732402.900750002,630878.069547818,732397.810827023,0.0650475300500365,0.06504,2020.24316231148,2020.24316984153,5680000,Liège,Liège,4160,4160
552,592,587,0.0164005300500365,630877.834505753,732402.900750002,667781.602412771,652299.518075062,0.0814405300500365,0.06504,2020.24316231148,2020.25956284153,5680000,Liège,Bruxelles,4160,1050
553,598,593,0.0000290000000000012,641074.910738944,706418.065406297,641093.68875782,706501.787212927,0.0000290000000000012,0,2020.29505296721,2020.29508196721,5680000,Liège,Liège,4520,4520
554,598,599,0.05227,641074.910738944,706418.065406297,651059.806134386,731349.533968265,0.05227,0,2020.29505296721,2020.34732296721,5680000,Liège,Liège,4520,4430
555,599,600,0.0051,651059.806134386,731349.533968265,651023.589633753,731266.832463858,0.05737,0.05227,2020.34732296721,2020.35242296721,5680000,Liège,Liège,4430,4430
557,600,594,0.000035530059813528,651023.589633753,731266.832463858,656744.256591451,730017.484190977,0.0574055300598135,0.05737,2020.35242296721,2020.35245849727,5680000,Liège,Liège,4430,4432
558,600,595,0.000035530059813528,651023.589633753,731266.832463858,651030.336508111,731285.218641145,0.0574055300598135,0.05737,2020.35242296721,2020.35245849727,5680000,Liège,Liège,4430,4430
559,601,596,0.00823053005981353,649573.188063932,741106.470617313,636387.802382738,727274.72093111,0.0628705300598135,0.05464,2020.34969296721,2020.35792349727,5680000,Liège,Liège,4610,4120
560,601,597,0.000033530059813526,649573.188063932,741106.470617313,649574.075933813,741093.203564466,0.0546735300598135,0.05464,2020.34969296721,2020.34972649727,5680000,Liège,Liège,4610,4610
562,606,608,0.00244,635382.728969598,753569.541948107,635150.733533847,753620.115993035,0.00244,0,2020.17514262842,2020.17758262842,5680000,Liège,Liège,4910,4910
563,607,602,0.000013,635150.733533847,753620.115993035,635179.80583113,753661.971229135,0.002453,0.00244,2020.17758262842,2020.17759562842,5680000,Liège,Liège,4910,4910
564,607,603,0.000013,635150.733533847,753620.115993035,651717.883791085,737989.699884083,0.002453,0.00244,2020.17758262842,2020.17759562842,5680000,Liège,Liège,4910,4040
565,608,604,0.000013,635150.733533847,753620.115993035,648319.176826482,723753.240422477,0.002453,0.00244,2020.17758262842,2020.17759562842,5680000,Liège,Liège,4910,4460
567,617,609,0.000005000000000005,675097.083856834,638339.676101935,675107.217392759,638341.588283139,0.000005000000000005,0,2020.18032286885,2020.18032786885,5680000,VlaamsBrabant,VlaamsBrabant,1700,1700
568,617,618,0.01984,675097.083856834,638339.676101935,646893.083188566,741025.935946146,0.01984,0,2020.18032286885,2020.20016286885,5680000,VlaamsBrabant,Liège,1700,4610
569,618,610,0.0129522131199241,646893.083188566,741025.935946146,631648.382785821,732039.610512537,0.0327922131199241,0.01984,2020.20016286885,2020.21311508197,5680000,Liège,Liège,4610,4160
571,619,620,0.00504,647768.591012685,741529.097648458,647750.117217899,741527.703889689,0.0604,0.05536,2020.23568286885,2020.24072286885,5680000,Liège,Liège,4610,4610
572,619,621,0.00237,647768.591012685,741529.097648458,647928.233743915,741643.281328714,0.05773,0.05536,2020.23568286885,2020.23805286885,5680000,Liège,Liège,4610,4610
573,620,611,0.00244721311992406,647750.117217899,741527.703889689,631943.641863436,738654.264028761,0.0628472131199241,0.0604,2020.24072286885,2020.24317008197,5680000,Liège,Liège,4610,4140
574,620,612,0.00244721311992406,647750.117217899,741527.703889689,647639.102205675,741612.25490094,0.0628472131199241,0.0604,2020.24072286885,2020.24317008197,5680000,Liège,Liège,4610,4610
576,621,623,0.018767,647928.233743915,741643.281328714,647104.396646306,740261.035485508,0.076497,0.05773,2020.23805286885,2020.25681986885,5680000,Liège,Liège,4610,4030
577,622,613,0.000472213119924056,645343.477588817,740356.347365289,645326.548071377,740333.145859531,0.0655792131199241,0.065107,2020.24542986885,2020.24590208197,5680000,Liège,Liège,4610,4610
578,622,614,0.0114012131199241,645343.477588817,740356.347365289,645799.378063769,729646.234454007,0.076508213119924,0.065107,2020.24542986885,2020.25683108197,5680000,Liège,Liège,4610,4101
580,623,616,0.00547521311992405,647104.396646306,740261.035485508,644563.196729722,732685.852121126,0.0819722131199241,0.076497,2020.25681986885,2020.26229508197,5680000,Liège,Liège,4030,4102
581,627,626,0.002451,644826.895939504,747183.232432487,617795.612772019,715689.948299712,0.002451,0,2020.17241238798,2020.17486338798,5680000,Liège,Namur,4630,5370
582,627,628,0.00244,644826.895939504,747183.232432487,645062.795023992,747466.104404578,0.00244,0,2020.17241238798,2020.17485238798,5680000,Liège,Liège,4630,4630
584,628,625,0.0000110000000000002,645062.795023992,747466.104404578,651729.57933524,749643.37131055,0.002451,0.00244,2020.17485238798,2020.17486338798,5680000,Liège,Liège,4630,4651
585,632,629,0.035321,691939.080042067,728945.112315337,691662.022734166,728682.290451365,0.035321,0,2020.13954238798,2020.17486338798,5680000,Limburg,Limburg,3530,3530
587,633,630,0.00244520217994649,687453.881326396,722917.616836746,688122.264827738,719304.439016901,0.0407852021799465,0.03834,2020.17788238798,2020.18032759016,5680000,Limburg,Limburg,3520,3520
588,633,631,0.0106422021799465,687453.881326396,722917.616836746,687655.736223453,723135.757876948,0.0489822021799465,0.03834,2020.17788238798,2020.18852459016,5680000,Limburg,Limburg,3520,3520
589,641,644,0.043366,644349.481735541,728813.068367444,645470.114422818,729530.754684721,0.043366,0,2020.16900284153,2020.21236884153,5680000,Liège,Liège,4400,4101
591,642,634,0.000411999999999996,643961.977578077,728442.538462521,643750.593209959,728317.026644858,0.09056,0.090148,2020.25915084153,2020.25956284153,5680000,Liège,Liège,4400,4400
593,643,635,0.0000791256801390416,643291.276291369,729258.053094523,643327.630329213,729251.215846753,0.093293125680139,0.093214,2020.26221684153,2020.26229596721,5680000,Liège,Liège,4100,4100
594,643,636,0.0000791256801390416,643291.276291369,729258.053094523,645516.235236805,731687.37187844,0.093293125680139,0.093214,2020.26221684153,2020.26229596721,5680000,Liège,Liège,4100,4100
596,644,645,0.00055899999999999,645470.114422818,729530.754684721,646164.773183985,729662.939135302,0.043925,0.043366,2020.21236884153,2020.21292784153,5680000,Liège,Liège,4101,4101
598,645,638,0.000187125680139053,646164.773183985,729662.939135302,646029.954772235,729584.330666394,0.044112125680139,0.043925,2020.21292784153,2020.21311496721,5680000,Liège,Liège,4101,4101
599,646,639,0.018089125680139,645638.796712523,729048.694676848,657177.804850128,739441.68047054,0.126079125680139,0.10799,2020.27699284153,2020.29508196721,5680000,Liège,Liège,4101,4680
600,646,640,0.018089125680139,645638.796712523,729048.694676848,657625.791460311,737463.357327077,0.126079125680139,0.10799,2020.27699284153,2020.29508196721,5680000,Liège,Liège,4101,4680
601,652,647,0.023023,624407.373060696,613307.296226372,621462.01417369,620604.532346784,0.023023,0,2020.18735951366,2020.21038251366,5680000,Hainaut,Hainaut,7390,7040
602,652,653,0.019203,624407.373060696,613307.296226372,624197.129039153,612145.827043768,0.019203,0,2020.18735951366,2020.20656251366,5680000,Hainaut,Hainaut,7390,7340
603,653,648,0.0420708469999304,624197.129039153,612145.827043768,657539.412963268,545440.536995205,0.0612738469999304,0.019203,2020.20656251366,2020.24863336066,5680000,Hainaut,Hainaut,7340,7782
604,653,654,0.01775,624197.129039153,612145.827043768,624046.275960917,612083.812016577,0.036953,0.019203,2020.20656251366,2020.22431251366,5680000,Hainaut,Hainaut,7340,7340
605,654,651,0.00246284699993037,624046.275960917,612083.812016577,623431.798995666,646915.571713831,0.0394158469999304,0.036953,2020.22431251366,2020.22677536066,5680000,Hainaut,Hainaut,7340,6141
606,654,655,0.00517,624046.275960917,612083.812016577,623949.636934976,611990.357967249,0.042123,0.036953,2020.22431251366,2020.22948251366,5680000,Hainaut,Hainaut,7340,7340
608,655,650,0.0246158469999304,623949.636934976,611990.357967249,625143.991150846,738324.736095045,0.0667388469999304,0.042123,2020.22948251366,2020.25409836066,5680000,Hainaut,Liège,7340,4190
609,662,663,0.00251000000000001,647170.099421572,737231.441443279,647345.011793847,737479.54245782,0.00251000000000001,0,2020.19431236066,2020.19682236066,5680000,Liège,Liège,4030,4030
610,662,664,0.01878,647170.099421572,737231.441443279,649501.690629197,735659.787152938,0.01878,0,2020.19431236066,2020.21309236066,5680000,Liège,Liège,4030,4000
611,663,656,0.057276,647345.011793847,737479.54245782,647304.975123657,737987.333251656,0.059786,0.00251000000000001,2020.19682236066,2020.25409836066,5680000,Liège,Liège,4030,4030
613,664,658,0.0000221366098848153,649501.690629197,735659.787152938,649481.294448146,735671.368853717,0.0188021366098848,0.01878,2020.21309236066,2020.21311449727,5680000,Liège,Liège,4000,4000
615,665,659,0.0515791366098848,652214.692776121,741002.688238737,639255.801093339,732987.724961974,0.100769136609885,0.04919,2020.24350236066,2020.29508149727,5680000,Liège,Liège,4020,4122
616,665,666,0.00238000000000001,652214.692776121,741002.688238737,652166.731868132,741076.210274099,0.05157,0.04919,2020.24350236066,2020.24588236066,5680000,Liège,Liège,4020,4020
617,666,660,0.0491991366098848,652166.731868132,741076.210274099,638396.861357709,731005.952128491,0.100769136609885,0.05157,2020.24588236066,2020.29508149727,5680000,Liège,Liège,4020,4122
619,672,667,0.057431,696194.038285155,648068.630831218,693822.45838987,638265.019344676,0.057431,0,2020.20486408197,2020.26229508197,5680000,Antwerpen,Antwerpen,2870,2890
620,672,673,0.000293000000000015,696194.038285155,648068.630831218,696241.702532845,648135.804443982,0.000293000000000015,0,2020.20486408197,2020.20515708197,5680000,Antwerpen,Antwerpen,2870,2870
621,673,668,0.0434764808699322,696241.702532845,648135.804443982,696616.909394222,651073.482081308,0.0437694808699323,0.000293000000000015,2020.20515708197,2020.24863356284,5680000,Antwerpen,Antwerpen,2870,2830
624,674,675,0.04287,696220.300611971,648047.408813521,695564.595870102,646513.394753748,0.043729,0.000859000000000006,2020.20572308197,2020.24859308197,5680000,Antwerpen,Antwerpen,2870,2870
625,675,670,0.0000404808699322398,695564.595870102,646513.394753748,695417.485869444,645601.969002141,0.0437694808699322,0.043729,2020.24859308197,2020.24863356284,5680000,Antwerpen,Antwerpen,2870,2870
626,675,671,0.0191664808699322,695564.595870102,646513.394753748,708792.81852146,645378.256369105,0.0628954808699322,0.043729,2020.24859308197,2020.26775956284,5680000,Antwerpen,Oost-Vlaanderen,2870,9150
627,679,678,0.002461,625075.573338944,625658.698180566,627769.056706198,628274.842073467,0.002461,0,2020.17240238798,2020.17486338798,5680000,Hainaut,Hainaut,7030,7021
630,680,677,0.0000210000000000002,661882.246396748,645562.314185089,661849.802625955,645535.839826568,0.002461,0.00244,2020.17484238798,2020.17486338798,5680000,VlaamsBrabant,VlaamsBrabant,1650,1650
631,707,711,0.000636999999999999,651959.844124026,746391.786581939,650278.821015838,750005.81227743,0.000636999999999999,0,2020.13667695628,2020.13731395628,5680000,Liège,Liège,4670,4651
632,707,708,0.000635999999999998,651959.844124026,746391.786581939,651804.883388982,750359.282945801,0.000635999999999998,0,2020.13667695628,2020.13731295628,5680000,Liège,Liège,4670,4654
635,709,684,0.03047106010985,649987.449211309,754613.232447054,647789.471518446,748033.396650756,0.07643706010985,0.045966,2020.18264295628,2020.21311401639,5680000,Liège,Liège,4890,4633
637,710,683,0.0000120601098499429,626658.042207195,609303.051279268,626855.407875056,610738.313739381,0.0900980601098499,0.090086,2020.22676295628,2020.22677501639,5680000,Hainaut,Hainaut,7300,7330
638,710,682,0.01367306010985,626658.042207195,609303.051279268,619985.116568005,614566.2736534,0.10375906010985,0.090086,2020.22676295628,2020.24043601639,5680000,Hainaut,Hainaut,7300,7080
639,711,712,0.13043,650278.821015838,750005.81227743,646999.25606188,756392.318127299,0.131067,0.000636999999999999,2020.13731395628,2020.26774395628,5680000,Liège,Liège,4651,4821
640,711,713,0.017098,650278.821015838,750005.81227743,648147.910705291,750408.170359004,0.017735,0.000636999999999999,2020.13731395628,2020.15441195628,5680000,Liège,Liège,4651,4650
641,712,685,0.0000160601098499469,646999.25606188,756392.318127299,638751.491626555,726303.143267771,0.13108306010985,0.131067,2020.26774395628,2020.26776001639,5680000,Liège,Liège,4821,4121
642,712,686,0.0000160601098499469,646999.25606188,756392.318127299,647225.183108953,756683.21180853,0.13108306010985,0.131067,2020.26774395628,2020.26776001639,5680000,Liège,Liège,4821,4821
643,713,714,0.029028,648147.910705291,750408.170359004,645560.157340229,742646.4378077,0.046763,0.017735,2020.15441195628,2020.18343995628,5680000,Liège,Liège,4650,4620
644,713,718,0.000374999999999986,648147.910705291,750408.170359004,648276.813983669,749290.457400925,0.01811,0.017735,2020.15441195628,2020.15478695628,5680000,Liège,Liège,4650,4651
645,714,715,0.062444,645560.157340229,742646.4378077,651991.997762963,763581.66206582,0.109207,0.046763,2020.18343995628,2020.24588395628,5680000,Liège,Liège,4620,4710
646,714,716,0.000367000000000006,645560.157340229,742646.4378077,645500.294620155,742509.818513944,0.04713,0.046763,2020.18343995628,2020.18380695628,5680000,Liège,Liège,4620,4620
648,715,688,0.0000180601098499628,651991.997762963,763581.66206582,651745.926360375,763561.694936342,0.10922506010985,0.109207,2020.24588395628,2020.24590201639,5680000,Liège,Liège,4710,4840
649,716,689,0.02930806010985,645500.294620155,742509.818513944,643032.149774,737413.799269093,0.07643806010985,0.04713,2020.18380695628,2020.21311501639,5680000,Liège,Liège,4620,4053
650,716,717,0.000376999999999988,645500.294620155,742509.818513944,645729.07497823,741032.438882735,0.047507,0.04713,2020.18380695628,2020.18418395628,5680000,Liège,Liège,4620,4610
651,717,691,0.05078906010985,645729.07497823,741032.438882735,636761.744918768,712792.451955993,0.09829606010985,0.047507,2020.18418395628,2020.23497301639,5680000,Liège,Liège,4610,4520
653,718,719,0.000357000000000024,648276.813983669,749290.457400925,647751.533942953,748806.523664247,0.018467,0.01811,2020.15478695628,2020.15514395628,5680000,Liège,Liège,4651,4651
655,719,693,0.10988406010985,647751.533942953,748806.523664247,622284.957991487,741990.664302101,0.12835106010985,0.018467,2020.15514395628,2020.26502801639,5680000,Liège,Liège,4651,4920
656,719,692,0.19731506010985,647751.533942953,748806.523664247,645880.390551802,737438.170163197,0.21578206010985,0.018467,2020.15514395628,2020.35245901639,5680000,Liège,Liège,4651,4030
657,720,694,0.0197200601098499,647751.533942953,748806.523664247,639359.483242014,724917.661328785,0.03818706010985,0.018467,2020.15514395628,2020.17486401639,5680000,Liège,Liège,4651,4120
658,720,721,0.01029,647751.533942953,748806.523664247,648366.378022479,749754.427304628,0.028757,0.018467,2020.15514395628,2020.16543395628,5680000,Liège,Liège,4651,4651
660,721,723,0.00242999999999999,648366.378022479,749754.427304628,647391.429216798,750748.140535527,0.031187,0.028757,2020.16543395628,2020.16786395628,5680000,Liège,Liège,4651,4651
661,722,696,0.0000110601098499419,647941.158795135,742808.417202633,647962.564806274,743068.248258773,0.0764380601098499,0.076427,2020.21310395628,2020.21311501639,5680000,Liège,Liège,4610,4621
664,723,697,0.00700006010984996,647391.429216798,750748.140535527,647871.05411848,754606.706542894,0.03818706010985,0.031187,2020.16786395628,2020.17486401639,5680000,Liège,Liège,4651,4650
665,724,698,0.00192706010984997,646723.262775702,749249.485171697,674513.423806937,684691.393529345,0.03545406010985,0.033527,2020.17020395628,2020.17213101639,5680000,Liège,VlaamsBrabant,4651,3210
666,724,725,0.00232000000000002,646723.262775702,749249.485171697,645297.50554505,748779.440805073,0.035847,0.033527,2020.17020395628,2020.17252395628,5680000,Liège,Liège,4651,4630
668,725,699,0.00234006010984994,645297.50554505,748779.440805073,656922.399447878,707379.098660673,0.03818706010985,0.035847,2020.17252395628,2020.17486401639,5680000,Liège,Limburg,4630,4257
670,726,700,0.0000200601098499509,647153.462112879,753500.660590977,647083.040686005,753704.063274774,0.03818706010985,0.038167,2020.17484395628,2020.17486401639,5680000,Liège,Liège,4650,4650
671,727,728,0.00409999999999999,632811.337705056,704579.925199868,631516.61787454,708515.459459753,0.068517,0.064417,2020.20109395628,2020.20519395628,5680000,Liège,Liège,4500,4500
672,727,701,0.04207606010985,632811.337705056,704579.925199868,630426.858164477,678923.649450113,0.10649306010985,0.064417,2020.20109395628,2020.24317001639,5680000,Liège,Namur,4500,5020
673,728,702,0.00245606010984997,631516.61787454,708515.459459753,629483.10767109,704749.023941823,0.07097306010985,0.068517,2020.20519395628,2020.20765001639,5680000,Liège,Namur,4500,5300
674,728,729,0.00244,631516.61787454,708515.459459753,650973.383364534,740844.477061032,0.070957,0.068517,2020.20519395628,2020.20763395628,5680000,Liège,Liège,4500,4020
675,729,703,0.0000160601098499746,650973.383364534,740844.477061032,650855.832358265,740609.690246221,0.07097306010985,0.070957,2020.20763395628,2020.20765001639,5680000,Liège,Liège,4020,4020
676,729,730,0.03279,650973.383364534,740844.477061032,624520.996343741,683130.24580929,0.103747,0.070957,2020.20763395628,2020.24042395628,5680000,Liège,Namur,4020,5100
677,730,704,0.0000130601098499578,624520.996343741,683130.24580929,624721.770823392,683946.723166627,0.10376006010985,0.103747,2020.24042395628,2020.24043701639,5680000,Namur,Namur,5100,5100
679,731,706,0.01094506010985,657027.770683006,710060.662879993,642798.941852777,733301.629775184,0.11742206010985,0.106477,2020.24315395628,2020.25409901639,5680000,Liège,Liège,4257,4102
681,741,732,0.041053,641313.02139073,740288.716810983,632467.432398683,757661.937591654,0.041053,0,2020.20211639891,2020.24316939891,5680000,Liège,Liège,4050,4900
682,741,742,0.0000670000000000115,641313.02139073,740288.716810983,641365.938183685,740292.927834557,0.0000670000000000115,0,2020.20211639891,2020.20218339891,5680000,Liège,Liège,4050,4050
683,742,743,0.00849,641365.938183685,740292.927834557,649067.760607115,733368.540145479,0.00855700000000001,0.0000670000000000115,2020.20218339891,2020.21067339891,5680000,Liège,Liège,4050,4000
684,742,733,0.00000256830016753806,641365.938183685,740292.927834557,640054.954399577,740044.187241049,0.0000695683001675496,0.0000670000000000115,2020.20218339891,2020.20218596721,5680000,Liège,Liège,4050,4052
685,743,745,0.00244,649067.760607115,733368.540145479,652166.950251946,732740.475907447,0.010997,0.00855700000000001,2020.21067339891,2020.21311339891,5680000,Liège,Liège,4000,4000
687,744,735,0.0838885683001676,647454.596858062,732236.973840028,629220.216033667,729141.460589888,0.0929655683001676,0.009077,2020.21119339891,2020.29508196721,5680000,Liège,Liège,4420,4163
688,744,734,0.00738556830016754,647454.596858062,732236.973840028,641839.328909205,733051.752307418,0.0164625683001675,0.009077,2020.21119339891,2020.21857896721,5680000,Liège,Liège,4420,4102
690,745,746,0.008101,652166.950251946,732740.475907447,647548.598406209,730826.966596241,0.019098,0.010997,2020.21311339891,2020.22121439891,5680000,Liège,Liège,4000,4420
692,746,737,0.0000965683001675488,647548.598406209,730826.966596241,645595.126322257,731405.318559448,0.0191945683001676,0.019098,2020.22121439891,2020.22131096721,5680000,Liège,Liège,4420,4100
694,747,738,0.00240656830016754,653543.576551335,726545.733923947,652630.338188346,726538.84183942,0.0410535683001675,0.038647,2020.24076339891,2020.24316996721,5680000,Liège,Liège,4342,4342
702,755,752,0.0027494918099098,617899.421856243,662565.100889553,620864.117122837,658364.088003937,0.0737794918099098,0.07103,2020.23222318579,2020.2349726776,5680000,Hainaut,Hainaut,6200,6061
703,759,756,0.0000109999999999971,666672.898367418,651065.940852096,666654.530680034,651053.553820476,0.0000109999999999971,0,2020.17485238798,2020.17486338798,5680000,Bruxelles,Bruxelles,1050,1050
704,759,760,0.05737,666672.898367418,651065.940852096,617908.736631871,662506.352084876,0.05737,0,2020.17485238798,2020.23222238798,5680000,Bruxelles,Hainaut,1050,6200
705,760,757,0.0000182896199588667,617908.736631871,662506.352084876,617895.120952968,662548.652639354,0.0573882896199589,0.05737,2020.23222238798,2020.2322406776,5680000,Hainaut,Hainaut,6200,6200
706,760,758,0.00275028961995887,617908.736631871,662506.352084876,620864.117122837,658364.088003937,0.0601202896199589,0.05737,2020.23222238798,2020.2349726776,5680000,Hainaut,Hainaut,6200,6061
708,766,767,0.0000910000000000008,655363.634077812,603540.189992786,655319.369310029,603705.981244449,0.0000910000000000008,0,2020.18569234973,2020.18578334973,5680000,Hainaut,Hainaut,7890,7890
709,767,768,0.02703,655319.369310029,603705.981244449,649733.349936521,620959.521531263,0.027121,0.0000910000000000008,2020.18578334973,2020.21281334973,5680000,Hainaut,Hainaut,7890,7830
710,767,769,0.04098,655319.369310029,603705.981244449,642865.67704927,627062.471278821,0.041071,0.0000910000000000008,2020.18578334973,2020.22676334973,5680000,Hainaut,Hainaut,7890,7060
712,768,763,0.0166948087400222,649733.349936521,620959.521531263,672237.206252723,685806.072788257,0.0438158087400222,0.027121,2020.21281334973,2020.22950815847,5680000,Hainaut,VlaamsBrabant,7830,3370
713,769,764,0.0000128087400221993,642865.67704927,627062.471278821,642869.616480675,627093.998248415,0.0410838087400222,0.041071,2020.22676334973,2020.22677615847,5680000,Hainaut,Hainaut,7060,7060
